Call       Cty  Loc  Cat      Clmd Scr  Raw Scr    Score  Ovr Scr Raw Q Fin Q Raw M Fin M Rdt % Uni   D   B   N   X  CB  CN  CX BCV  TV PH QSO	CW QSO	DG QSO	PH Mults	CW Mults	DG Mults	
K2IW       K    NY   SOQ-SSB-P              1736     1566     1566    56    54     0     0   9.8   9   0   2   0   0   0   1   0   0   0      0      0      0      0      0      0      0      0      0      0      0      0      0      0      0      0      0      0      0      0      0      0      0      0      0      0      0      0      0      0      0      0      0      0      0      0      0      0      0      0      0      0      0      0      0      0 
W2AAA      K    NY   SOQ-SSB      7440     7440     7260     7260   124   121     0     0   2.4   6   0   0   3   0   0   2   0   0   0      0      0      0      0      0      0      0      0      0      0      0      0      0      0      0      0      0      0      0      0      0      0      0      0      0      0      0      0      0      0      0      0      0      0      0      0      0      0      0      0      0      0      0      0      0      0 
KD2CTZ     K    NY   SOQ-SSB      6496     6496     6496     6496   116   116     0     0   0.0   9   0   0   0   0   2   2   0   0   0      0      0      0      0      0      0      0      0      0      0      0      0      0      0      0      0      0      0      0      0      0      0      0      0      0      0      0      0      0      0      0      0      0      0      0      0      0      0      0      0      0      0      0      0      0      0 
K3TW       K    FL   SOQ-SSB               1620     1593     1593    60    59     0     0   1.7   6   0   0   1   0   0   0   0   0   0      0      0      0      0      0      0      0      0      0      0      0      0      0      0      0      0      0      0      0      0      0      0      0      0      0      0      0      0      0      0      0      0      0      0      0      0      0      0      0      0      0      0      0      0      0      0 
KA2YRA     K    NY   SOQ-MIXED-P        2        2        2        2     1     1     0     0   0.0   0   0   0   0   0   0   0   0   0   0      0      0      0      0      0      0      0      0      0      0      0      0      0      0      0      0      0      0      0      0      0      0      0      0      0      0      0      0      0      0      0      0      0      0      0      0      0      0      0      0      0      0      0      0      0      0 
AB3CX      K    NY   SOQ-MIXED    71300    71484    69390    69390   415   411     0     0   2.9   0  19   2   2   0   7   6   0   0   0      0      0      0      0      0      0      0      0      0      0      0      0      0      0      0      0      0      0      0      0      0      0      0      0      0      0      0      0      0      0      0      0      0      0      0      0      0      0      0      0      0      0      0      0      0      0 
WA2NYY     K    NY   SOQ-MIXED    43725    43575    43275    43275   302   300     0     0   0.7   4   1   0   2   0   3   2   0   0   0      0      0      0      0      0      0      0      0      0      0      0      0      0      0      0      0      0      0      0      0      0      0      0      0      0      0      0      0      0      0      0      0      0      0      0      0      0      0      0      0      0      0      0      0      0      0 
K2YG       K    NJ   SOQ-MIXED    17472    17472    16900    16900   216   209     0     0   3.3   0   1   4   3   0   1   1   4   0   0      0      0      0      0      0      0      0      0      0      0      0      0      0      0      0      0      0      0      0      0      0      0      0      0      0      0      0      0      0      0      0      0      0      0      0      0      0      0      0      0      0      0      0      0      0      0 
N0LY       K    MO   SOQ-MIXED    13475    13475    13181    13181   142   139     0     0   2.2   0   0   0   3   0   4   0   0   0   0      0      0      0      0      0      0      0      0      0      0      0      0      0      0      0      0      0      0      0      0      0      0      0      0      0      0      0      0      0      0      0      0      0      0      0      0      0      0      0      0      0      0      0      0      0      0 
W7LG       K    PA   SOQ-MIXED     3885     3885     3885     3885    69    69     0     0   0.0   0   0   0   0   0   2   0   0   0   0      0      0      0      0      0      0      0      0      0      0      0      0      0      0      0      0      0      0      0      0      0      0      0      0      0      0      0      0      0      0      0      0      0      0      0      0      0      0      0      0      0      0      0      0      0      0 
K8ZT       K    OH   SOQ-MIXED      288      288      288      288    14    14     0     0   0.0   0   0   0   0   0   1   0   0   0   0      0      0      0      0      0      0      0      0      0      0      0      0      0      0      0      0      0      0      0      0      0      0      0      0      0      0      0      0      0      0      0      0      0      0      0      0      0      0      0      0      0      0      0      0      0      0 
N5EP       K    WI   SOQ-CW-P     2816     2816     2772     2772    64    63     0     0   1.6   0   3   1   0   0   0   4   0   0   0      0      0      0      0      0      0      0      0      0      0      0      0      0      0      0      0      0      0      0      0      0      0      0      0      0      0      0      0      0      0      0      0      0      0      0      0      0      0      0      0      0      0      0      0      0      0 
N1TJC      K    NY   SOQ-CW-P               468      468      468    18    18     0     0   0.0   8   0   0   0   0   0   0   0   0   0      0      0      0      0      0      0      0      0      0      0      0      0      0      0      0      0      0      0      0      0      0      0      0      0      0      0      0      0      0      0      0      0      0      0      0      0      0      0      0      0      0      0      0      0      0      0 
NQ2W       K    NY   SOQ-CW      95408    96480    94874    94874   536   533     0     0   1.7   2   7   1   2   0   4   2   0   0   0      0      0      0      0      0      0      0      0      0      0      0      0      0      0      0      0      0      0      0      0      0      0      0      0      0      0      0      0      0      0      0      0      0      0      0      0      0      0      0      0      0      0      0      0      0      0 
KR4AE      K    GA   SOQ-CW      13728    13640    12672    12672   155   144     0     0   7.1   0   1   7   4   0   0   1   0   0   0      0      0      0      0      0      0      0      0      0      0      0      0      0      0      0      0      0      0      0      0      0      0      0      0      0      0      0      0      0      0      0      0      0      0      0      0      0      0      0      0      0      0      0      0      0      0 
VE3SIF     VE   ON   SOQ-CW       6188     6188     6188     6188    91    91     0     0   0.0   0   0   0   0   0   3   0   0   0   0      0      0      0      0      0      0      0      0      0      0      0      0      0      0      0      0      0      0      0      0      0      0      0      0      0      0      0      0      0      0      0      0      0      0      0      0      0      0      0      0      0      0      0      0      0      0 
WA0LIF     K    MN   SOQ-CW       4408     4408     4032     4032    76    72     0     0   8.5   0   0   3   1   0   0   0   0   0   0      0      0      0      0      0      0      0      0      0      0      0      0      0      0      0      0      0      0      0      0      0      0      0      0      0      0      0      0      0      0      0      0      0      0      0      0      0      0      0      0      0      0      0      0      0      0 
NI8W       K    OH   SOQ-CW       3192     3192     3192     3192    57    57     0     0   0.0   0   0   0   0   0   2   0   0   0   0      0      0      0      0      0      0      0      0      0      0      0      0      0      0      0      0      0      0      0      0      0      0      0      0      0      0      0      0      0      0      0      0      0      0      0      0      0      0      0      0      0      0      0      0      0      0 
VE3DQN     VE   ON   SOQ-CW       3136     3136     3080     3080    56    55     0     0   1.8   0   0   0   1   0   0   0   0   0   0      0      0      0      0      0      0      0      0      0      0      0      0      0      0      0      0      0      0      0      0      0      0      0      0      0      0      0      0      0      0      0      0      0      0      0      0      0      0      0      0      0      0      0      0      0      0 
KE3V       K    PA   SOQ-CW       1296     1296     1156     1156    36    34     0     0  10.8   0   0   1   1   0   0   0   0   0   0      0      0      0      0      0      0      0      0      0      0      0      0      0      0      0      0      0      0      0      0      0      0      0      0      0      0      0      0      0      0      0      0      0      0      0      0      0      0      0      0      0      0      0      0      0      0 
KY0Q       K    IL   SOQ-CW       1152     1152     1080     1080    32    30     0     0   6.3   0   0   2   0   0   1   1   0   0   0      0      0      0      0      0      0      0      0      0      0      0      0      0      0      0      0      0      0      0      0      0      0      0      0      0      0      0      0      0      0      0      0      0      0      0      0      0      0      0      0      0      0      0      0      0      0 
AI5BE      K    MS   SOQ-CW        132      132      132      132    11    11     0     0   0.0   0   0   0   0   0   0   0   0   0   0      0      0      0      0      0      0      0      0      0      0      0      0      0      0      0      0      0      0      0      0      0      0      0      0      0      0      0      0      0      0      0      0      0      0      0      0      0      0      0      0      0      0      0      0      0      0 
KK4NZH     K    GA   SOQ-CW                 168      120      120    12    10     0     0  28.6   0   1   0   2   0   0   1   0   0   0      0      0      0      0      0      0      0      0      0      0      0      0      0      0      0      0      0      0      0      0      0      0      0      0      0      0      0      0      0      0      0      0      0      0      0      0      0      0      0      0      0      0      0      0      0      0 
NO2D       K    CO   SOQ-CW         32       32       32       32     4     4     0     0   0.0   0   0   0   0   0   0   0   0   0   0      0      0      0      0      0      0      0      0      0      0      0      0      0      0      0      0      0      0      0      0      0      0      0      0      0      0      0      0      0      0      0      0      0      0      0      0      0      0      0      0      0      0      0      0      0      0 
KA1SOL     K    MA   SOQ-CW         18       18        8        8     3     2     0     0  55.6   0   0   0   1   0   0   0   0   0   0      0      0      0      0      0      0      0      0      0      0      0      0      0      0      0      0      0      0      0      0      0      0      0      0      0      0      0      0      0      0      0      0      0      0      0      0      0      0      0      0      0      0      0      0      0      0 
DO6AN      DL        SOQ-CW                   2        2        2     1     1     0     0   0.0   0   0   0   0   0   0   0   0   0   0      0      0      0      0      0      0      0      0      0      0      0      0      0      0      0      0      0      0      0      0      0      0      0      0      0      0      0      0      0      0      0      0      0      0      0      0      0      0      0      0      0      0      0      0      0      0 
WA2GOT     K    NY   SOL-SSB-P    46965    46872    46314    46314   504   498     0     0   1.2  46   1   4   2   0   1   6   0   0   0      0      0      0      0      0      0      0      0      0      0      0      0      0      0      0      0      0      0      0      0      0      0      0      0      0      0      0      0      0      0      0      0      0      0      0      0      0      0      0      0      0      0      0      0      0      0 
W2IG       K    NY   SOL-SSB-P    44446    44446    43878    43878   626   618     0     0   1.3   0   0   4   4   0   4   1   0   0   0      0      0      0      0      0      0      0      0      0      0      0      0      0      0      0      0      0      0      0      0      0      0      0      0      0      0      0      0      0      0      0      0      0      0      0      0      0      0      0      0      0      0      0      0      0      0 
N3KTA      K    NY   SOL-SSB-P    29370    29370    28688    28688   330   326     0     0   2.3  47   2   1   3   0   0   3   0   0   0      0      0      0      0      0      0      0      0      0      0      0      0      0      0      0      0      0      0      0      0      0      0      0      0      0      0      0      0      0      0      0      0      0      0      0      0      0      0      0      0      0      0      0      0      0      0 
WA2DE      K    NY   SOL-SSB-P             17766    17174    17174   282   277     0     0   3.3  46   4   0   5   0   0   1   0   0   0      0      0      0      0      0      0      0      0      0      0      0      0      0      0      0      0      0      0      0      0      0      0      0      0      0      0      0      0      0      0      0      0      0      0      0      0      0      0      0      0      0      0      0      0      0      0 
K2PTC      K    NY   SOL-SSB-P             10720    10362    10362   160   157     0     0   3.3  16   0   0   3   0   2   0   0   0   0      0      0      0      0      0      0      0      0      0      0      0      0      0      0      0      0      0      0      0      0      0      0      0      0      0      0      0      0      0      0      0      0      0      0      0      0      0      0      0      0      0      0      0      0      0      0 
N3ARB      K    NY   SOL-SSB-P     7384     7384     7280     7280   142   140     0     0   1.4  26   0   1   1   0   1   2   0   0   0      0      0      0      0      0      0      0      0      0      0      0      0      0      0      0      0      0      0      0      0      0      0      0      0      0      0      0      0      0      0      0      0      0      0      0      0      0      0      0      0      0      0      0      0      0      0 
W9TCV      K    NY   SOL-SSB-P     3500     3500     3500     3500   100   100     0     0   0.0   0   0   0   0   0   5   3   1   0   0      0      0      0      0      0      0      0      0      0      0      0      0      0      0      0      0      0      0      0      0      0      0      0      0      0      0      0      0      0      0      0      0      0      0      0      0      0      0      0      0      0      0      0      0      0      0 
KN6VTC     K    IL   SOL-SSB-P     3367     3330     3330     3330    90    90     0     0   0.0   1   1   0   0   0   1   0   0   0   0      0      0      0      0      0      0      0      0      0      0      0      0      0      0      0      0      0      0      0      0      0      0      0      0      0      0      0      0      0      0      0      0      0      0      0      0      0      0      0      0      0      0      0      0      0      0 
W2BMT      K    NY   SOL-SSB-P              3200     3081     3081    80    79     0     0   3.7  20   0   0   1   0   0   0   0   0   0      0      0      0      0      0      0      0      0      0      0      0      0      0      0      0      0      0      0      0      0      0      0      0      0      0      0      0      0      0      0      0      0      0      0      0      0      0      0      0      0      0      0      0      0      0      0 
W3LBY      K    MD   SOL-SSB-P        1        1        0        0     1     0     0     0 100.0   0   0   1   0   0   0   3   0   0   0      0      0      0      0      0      0      0      0      0      0      0      0      0      0      0      0      0      0      0      0      0      0      0      0      0      0      0      0      0      0      0      0      0      0      0      0      0      0      0      0      0      0      0      0      0      0 
KQ2R       K    NY   SOL-SSB-M     3854     3854     3813     3813    94    93     0     0   1.1   1   0   1   0   0   2   3   0   0   0      0      0      0      0      0      0      0      0      0      0      0      0      0      0      0      0      0      0      0      0      0      0      0      0      0      0      0      0      0      0      0      0      0      0      0      0      0      0      0      0      0      0      0      0      0      0 
N1GBE      K    NY   SOL-SSB-M              1504     1440     1440    47    45     0     0   4.3   1   2   2   0   0   2   1   0   0   0      0      0      0      0      0      0      0      0      0      0      0      0      0      0      0      0      0      0      0      0      0      0      0      0      0      0      0      0      0      0      0      0      0      0      0      0      0      0      0      0      0      0      0      0      0      0 
AB1BL      K    NY   SOL-SSB-M        0     1647     1296     1296    61    54     0     0  21.3   0   3   1   4   2   0   3   3   0   0      0      0      0      0      0      0      0      0      0      0      0      0      0      0      0      0      0      0      0      0      0      0      0      0      0      0      0      0      0      0      0      0      0      0      0      0      0      0      0      0      0      0      0      0      0      0 
WI2M       K    NY   SOL-SSB-M        6        9        9        9     3     3     0     0   0.0   1   0   0   0   0   0   0   0   0   0      0      0      0      0      0      0      0      0      0      0      0      0      0      0      0      0      0      0      0      0      0      0      0      0      0      0      0      0      0      0      0      0      0      0      0      0      0      0      0      0      0      0      0      0      0      0 
W2PJ       K    NY   SOL-SSB     85680    85680    85374    85374   840   837     0     0   0.4 185   1   2   1   0   1   5   0   0   0      0      0      0      0      0      0      0      0      0      0      0      0      0      0      0      0      0      0      0      0      0      0      0      0      0      0      0      0      0      0      0      0      0      0      0      0      0      0      0      0      0      0      0      0      0      0 
AH2O       K    NY   SOL-SSB     79866    79866    79254    79254   783   777     0     0   0.8 122  13   3   3   0   2   4   0   0   0      0      0      0      0      0      0      0      0      0      0      0      0      0      0      0      0      0      0      0      0      0      0      0      0      0      0      0      0      0      0      0      0      0      0      0      0      0      0      0      0      0      0      0      0      0      0 
KS2G       K    NY   SOL-SSB     52626    52626    50976    50976   537   531     0     0   3.1  47   0   2   4   0   8   2   0   0   0      0      0      0      0      0      0      0      0      0      0      0      0      0      0      0      0      0      0      0      0      0      0      0      0      0      0      0      0      0      0      0      0      0      0      0      0      0      0      0      0      0      0      0      0      0      0 
AC2XC      K    NY   SOL-SSB     25730    25730    25481    25481   310   307     0     0   1.0   9   2   0   3   0   1   1   0   0   0      0      0      0      0      0      0      0      0      0      0      0      0      0      0      0      0      0      0      0      0      0      0      0      0      0      0      0      0      0      0      0      0      0      0      0      0      0      0      0      0      0      0      0      0      0      0 
W2GDJ      K    NY   SOL-SSB     24983    24080    23280    23280   301   291     0     0   3.3  11   0   1   9   0   1   1   0   0   0      0      0      0      0      0      0      0      0      0      0      0      0      0      0      0      0      0      0      0      0      0      0      0      0      0      0      0      0      0      0      0      0      0      0      0      0      0      0      0      0      0      0      0      0      0      0 
KC2MBV     K    NY   SOL-SSB     17666    17666    17280    17280   242   240     0     0   2.2   1   0   1   1   0   1   0   0   0   0      0      0      0      0      0      0      0      0      0      0      0      0      0      0      0      0      0      0      0      0      0      0      0      0      0      0      0      0      0      0      0      0      0      0      0      0      0      0      0      0      0      0      0      0      0      0 
NQ2U       K    NY   SOL-SSB     17208    17208    17208    17208   239   239     0     0   0.0   8   0   0   0   0   2   9   0   0   0      0      0      0      0      0      0      0      0      0      0      0      0      0      0      0      0      0      0      0      0      0      0      0      0      0      0      0      0      0      0      0      0      0      0      0      0      0      0      0      0      0      0      0      0      0      0 
W2NTV      K    NY   SOL-SSB     16117    16117    15620    15620   227   220     0     0   3.1   6   0   2   5   0   1   3   0   0   0      0      0      0      0      0      0      0      0      0      0      0      0      0      0      0      0      0      0      0      0      0      0      0      0      0      0      0      0      0      0      0      0      0      0      0      0      0      0      0      0      0      0      0      0      0      0 
AD2TM      K    NY   SOL-SSB     13632    13632    13561    13561   192   191     0     0   0.5   4   0   1   0   0   0   6   0   0   0      0      0      0      0      0      0      0      0      0      0      0      0      0      0      0      0      0      0      0      0      0      0      0      0      0      0      0      0      0      0      0      0      0      0      0      0      0      0      0      0      0      0      0      0      0      0 
KD2DLL     K    NY   SOL-SSB     11607    11607    11534    11534   159   158     0     0   0.6   4   0   0   1   0   0   2   0   0   0      0      0      0      0      0      0      0      0      0      0      0      0      0      0      0      0      0      0      0      0      0      0      0      0      0      0      0      0      0      0      0      0      0      0      0      0      0      0      0      0      0      0      0      0      0      0 
K0SID      K    NY   SOL-SSB     10899    10836    10584    10584   172   168     0     0   2.3   5   1   0   4   0   3   1   0   0   0      0      0      0      0      0      0      0      0      0      0      0      0      0      0      0      0      0      0      0      0      0      0      0      0      0      0      0      0      0      0      0      0      0      0      0      0      0      0      0      0      0      0      0      0      0      0 
N2PYH      K    NY   SOL-SSB     10098    10098     9555     9555   153   147     0     0   5.4  12   0   1   5   0   2   2   0   0   0      0      0      0      0      0      0      0      0      0      0      0      0      0      0      0      0      0      0      0      0      0      0      0      0      0      0      0      0      0      0      0      0      0      0      0      0      0      0      0      0      0      0      0      0      0      0 
N2PQJ      K    NY   SOL-SSB      9472     9472     9344     9344   148   146     0     0   1.4   4   0   1   1   0   1   0   0   0   0      0      0      0      0      0      0      0      0      0      0      0      0      0      0      0      0      0      0      0      0      0      0      0      0      0      0      0      0      0      0      0      0      0      0      0      0      0      0      0      0      0      0      0      0      0      0 
KC2BBI     K    NY   SOL-SSB      6240     6240     6240     6240   120   120     0     0   0.0   0   0   0   0   0   0   0   0   0   0      0      0      0      0      0      0      0      0      0      0      0      0      0      0      0      0      0      0      0      0      0      0      0      0      0      0      0      0      0      0      0      0      0      0      0      0      0      0      0      0      0      0      0      0      0      0 
WB2KLD     K    NY   SOL-SSB      5928     5928     5757     5757   104   101     0     0   2.9   2   0   1   2   0   0   1   0   0   0      0      0      0      0      0      0      0      0      0      0      0      0      0      0      0      0      0      0      0      0      0      0      0      0      0      0      0      0      0      0      0      0      0      0      0      0      0      0      0      0      0      0      0      0      0      0 
KJ2LBR     K    NY   SOL-SSB               5568     5568     5568    96    96     0     0   0.0   3   0   0   0   0   0   1   0   0   0      0      0      0      0      0      0      0      0      0      0      0      0      0      0      0      0      0      0      0      0      0      0      0      0      0      0      0      0      0      0      0      0      0      0      0      0      0      0      0      0      0      0      0      0      0      0 
VE3IFT     VE   ON   SOL-SSB      5600     5600     5300     5300   112   106     0     0   5.4   2   0   3   3   0   1   2   0   0   0      0      0      0      0      0      0      0      0      0      0      0      0      0      0      0      0      0      0      0      0      0      0      0      0      0      0      0      0      0      0      0      0      0      0      0      0      0      0      0      0      0      0      0      0      0      0 
W8NUD      K    NY   SOL-SSB      5408     5408     5252     5252   104   101     0     0   2.9   0   0   2   1   0   1   1   0   0   0      0      0      0      0      0      0      0      0      0      0      0      0      0      0      0      0      0      0      0      0      0      0      0      0      0      0      0      0      0      0      0      0      0      0      0      0      0      0      0      0      0      0      0      0      0      0 
N3QXC      K    PA   SOL-SSB      4914     4914     4875     4875   126   125     0     0   0.8   0   0   0   1   0   2   1   0   0   0      0      0      0      0      0      0      0      0      0      0      0      0      0      0      0      0      0      0      0      0      0      0      0      0      0      0      0      0      0      0      0      0      0      0      0      0      0      0      0      0      0      0      0      0      0      0 
K2OEQ      K    NY   SOL-SSB      4752     4752     4704     4704    99    98     0     0   1.0   3   2   1   0   0   2   2   0   0   0      0      0      0      0      0      0      0      0      0      0      0      0      0      0      0      0      0      0      0      0      0      0      0      0      0      0      0      0      0      0      0      0      0      0      0      0      0      0      0      0      0      0      0      0      0      0 
W2HMT      K    NY   SOL-SSB      4896     4896     4641     4641    96    91     0     0   5.2   3   0   2   3   0   0   0   0   0   0      0      0      0      0      0      0      0      0      0      0      0      0      0      0      0      0      0      0      0      0      0      0      0      0      0      0      0      0      0      0      0      0      0      0      0      0      0      0      0      0      0      0      0      0      0      0 
KB2TDT     K    NY   SOL-SSB      4450     4450     4350     4350    89    87     0     0   2.2   0   0   0   1   1   2   0   0   0   0      0      0      0      0      0      0      0      0      0      0      0      0      0      0      0      0      0      0      0      0      0      0      0      0      0      0      0      0      0      0      0      0      0      0      0      0      0      0      0      0      0      0      0      0      0      0 
KE2CWJ     K    NY   SOL-SSB      4512     4324     4094     4094    92    89     0     0   5.3   4   0   2   1   0   1   0   0   0   0      0      0      0      0      0      0      0      0      0      0      0      0      0      0      0      0      0      0      0      0      0      0      0      0      0      0      0      0      0      0      0      0      0      0      0      0      0      0      0      0      0      0      0      0      0      0 
KE2EVX     K    NY   SOL-SSB      3910     4094     3825     3825    89    85     0     0   6.6   5   0   0   4   0   0   1   0   0   0      0      0      0      0      0      0      0      0      0      0      0      0      0      0      0      0      0      0      0      0      0      0      0      0      0      0      0      0      0      0      0      0      0      0      0      0      0      0      0      0      0      0      0      0      0      0 
AJ4LN      K    VA   SOL-SSB      3800     3800     3762     3762   100    99     0     0   1.0   0   0   0   1   0   0   1   0   0   0      0      0      0      0      0      0      0      0      0      0      0      0      0      0      0      0      0      0      0      0      0      0      0      0      0      0      0      0      0      0      0      0      0      0      0      0      0      0      0      0      0      0      0      0      0      0 
N2NRV      K    NY   SOL-SSB      3735     3735     3735     3735    83    83     0     0   0.0   0   0   0   0   0   1   2   1   0   0      0      0      0      0      0      0      0      0      0      0      0      0      0      0      0      0      0      0      0      0      0      0      0      0      0      0      0      0      0      0      0      0      0      0      0      0      0      0      0      0      0      0      0      0      0      0 
NY2A       K    NY   SOL-SSB      3822     3822     3648     3648    78    76     0     0   4.6   1   0   1   1   0   0   4   0   0   0      0      0      0      0      0      0      0      0      0      0      0      0      0      0      0      0      0      0      0      0      0      0      0      0      0      0      0      0      0      0      0      0      0      0      0      0      0      0      0      0      0      0      0      0      0      0 
VE1RGO     VE   NS   SOL-SSB      3515     3515     3441     3441    95    93     0     0   2.1   0   0   0   2   0   2   2   0   0   0      0      0      0      0      0      0      0      0      0      0      0      0      0      0      0      0      0      0      0      0      0      0      0      0      0      0      0      0      0      0      0      0      0      0      0      0      0      0      0      0      0      0      0      0      0      0 
KC2KDD     K    NY   SOL-SSB      3280     3280     3239     3239    80    79     0     0   1.3   0   0   0   1   0   1   1   0   0   0      0      0      0      0      0      0      0      0      0      0      0      0      0      0      0      0      0      0      0      0      0      0      0      0      0      0      0      0      0      0      0      0      0      0      0      0      0      0      0      0      0      0      0      0      0      0 
K2FEO      K    NY   SOL-SSB         0     3182     3096     3096    74    72     0     0   2.7   1   0   0   2   0   0   0   0   0   0      0      0      0      0      0      0      0      0      0      0      0      0      0      0      0      0      0      0      0      0      0      0      0      0      0      0      0      0      0      0      0      0      0      0      0      0      0      0      0      0      0      0      0      0      0      0 
N2PTF      K    NY   SOL-SSB      3040     3040     3040     3040    80    80     0     0   0.0   0   0   0   0   0   1   0   0   0   0      0      0      0      0      0      0      0      0      0      0      0      0      0      0      0      0      0      0      0      0      0      0      0      0      0      0      0      0      0      0      0      0      0      0      0      0      0      0      0      0      0      0      0      0      0      0 
N3GTH      K    PA   SOL-SSB      2730     2730     2691     2691    70    69     0     0   1.4   0   0   1   0   0   0   0   0   0   0      0      0      0      0      0      0      0      0      0      0      0      0      0      0      0      0      0      0      0      0      0      0      0      0      0      0      0      0      0      0      0      0      0      0      0      0      0      0      0      0      0      0      0      0      0      0 
KE2AUS     K    NY   SOL-SSB      2560     2560     2560     2560    80    80     0     0   0.0   7   0   0   0   0   1   1   0   0   0      0      0      0      0      0      0      0      0      0      0      0      0      0      0      0      0      0      0      0      0      0      0      0      0      0      0      0      0      0      0      0      0      0      0      0      0      0      0      0      0      0      0      0      0      0      0 
WA9YI      K    IN   SOL-SSB      2728     2738     2415     2415    74    69     0     0  11.8   0   1   2   3   0   1   0   0   0   0      0      0      0      0      0      0      0      0      0      0      0      0      0      0      0      0      0      0      0      0      0      0      0      0      0      0      0      0      0      0      0      0      0      0      0      0      0      0      0      0      0      0      0      0      0      0 
VE3WG      VE   ON   SOL-SSB      2304     2304     2135     2135    64    61     0     0   7.3   0   0   2   1   0   2   1   0   0   0      0      0      0      0      0      0      0      0      0      0      0      0      0      0      0      0      0      0      0      0      0      0      0      0      0      0      0      0      0      0      0      0      0      0      0      0      0      0      0      0      0      0      0      0      0      0 
N3RF       K    PA   SOL-SSB      2135     2135     2135     2135    61    61     0     0   0.0   0   0   0   0   0   0   0   0   0   0      0      0      0      0      0      0      0      0      0      0      0      0      0      0      0      0      0      0      0      0      0      0      0      0      0      0      0      0      0      0      0      0      0      0      0      0      0      0      0      0      0      0      0      0      0      0 
KE2CNS     K    NY   SOL-SSB      1598     1598     1598     1598    47    47     0     0   0.0   2   0   0   0   0   1   0   0   0   0      0      0      0      0      0      0      0      0      0      0      0      0      0      0      0      0      0      0      0      0      0      0      0      0      0      0      0      0      0      0      0      0      0      0      0      0      0      0      0      0      0      0      0      0      0      0 
W9ARO      K    FL   SOL-SSB      1593     1593     1566     1566    59    58     0     0   1.7   0   0   0   1   0   1   0   0   0   0      0      0      0      0      0      0      0      0      0      0      0      0      0      0      0      0      0      0      0      0      0      0      0      0      0      0      0      0      0      0      0      0      0      0      0      0      0      0      0      0      0      0      0      0      0      0 
AC2VE      K    NY   SOL-SSB      1664     1664     1488     1488    52    48     0     0  10.6   0   1   1   3   0   0   0   0   0   0      0      0      0      0      0      0      0      0      0      0      0      0      0      0      0      0      0      0      0      0      0      0      0      0      0      0      0      0      0      0      0      0      0      0      0      0      0      0      0      0      0      0      0      0      0      0 
KM4IAJ     K    VA   SOL-SSB      1334     1334     1305     1305    46    45     0     0   2.2   0   0   0   1   0   1   1   0   0   0      0      0      0      0      0      0      0      0      0      0      0      0      0      0      0      0      0      0      0      0      0      0      0      0      0      0      0      0      0      0      0      0      0      0      0      0      0      0      0      0      0      0      0      0      0      0 
K4SBZ      K    FL   SOL-SSB      1320     1320     1248     1248    54    51     0     0   5.5   0   0   2   1   0   2   0   0   0   0      0      0      0      0      0      0      0      0      0      0      0      0      0      0      0      0      0      0      0      0      0      0      0      0      0      0      0      0      0      0      0      0      0      0      0      0      0      0      0      0      0      0      0      0      0      0 
KB9LGS     K    IN   SOL-SSB      1265     1265     1242     1242    55    54     0     0   1.8   0   0   1   0   0   2   1   0   0   0      0      0      0      0      0      0      0      0      0      0      0      0      0      0      0      0      0      0      0      0      0      0      0      0      0      0      0      0      0      0      0      0      0      0      0      0      0      0      0      0      0      0      0      0      0      0 
KA8TOA     K    OH   SOL-SSB      1316     1316     1118     1118    47    43     0     0  15.0   0   0   3   1   0   3   0   0   0   0      0      0      0      0      0      0      0      0      0      0      0      0      0      0      0      0      0      0      0      0      0      0      0      0      0      0      0      0      0      0      0      0      0      0      0      0      0      0      0      0      0      0      0      0      0      0 
K9JK       K    IL   SOL-SSB      1100     1100     1100     1100    44    44     0     0   0.0   0   0   0   0   0   2   0   0   0   0      0      0      0      0      0      0      0      0      0      0      0      0      0      0      0      0      0      0      0      0      0      0      0      0      0      0      0      0      0      0      0      0      0      0      0      0      0      0      0      0      0      0      0      0      0      0 
KC2SRZ     K    NY   SOL-SSB      1240     1240     1073     1073    40    37     0     0  13.5   0   0   0   3   0   0   2   0   0   0      0      0      0      0      0      0      0      0      0      0      0      0      0      0      0      0      0      0      0      0      0      0      0      0      0      0      0      0      0      0      0      0      0      0      0      0      0      0      0      0      0      0      0      0      0      0 
K2IRK      K    NY   SOL-SSB      1054     1054      990      990    34    33     0     0   6.1   0   0   0   1   0   0   0   0   0   0      0      0      0      0      0      0      0      0      0      0      0      0      0      0      0      0      0      0      0      0      0      0      0      0      0      0      0      0      0      0      0      0      0      0      0      0      0      0      0      0      0      0      0      0      0      0 
N8MD       K    MN   SOL-SSB      1134     1107      988      988    41    38     0     0  10.7   0   1   2   1   0   0   1   0   0   0      0      0      0      0      0      0      0      0      0      0      0      0      0      0      0      0      0      0      0      0      0      0      0      0      0      0      0      0      0      0      0      0      0      0      0      0      0      0      0      0      0      0      0      0      0      0 
N1ADX      K    MA   SOL-SSB       943      966      966      966    42    42     0     0   0.0   0   0   0   0   0   1   1   0   0   0      0      0      0      0      0      0      0      0      0      0      0      0      0      0      0      0      0      0      0      0      0      0      0      0      0      0      0      0      0      0      0      0      0      0      0      0      0      0      0      0      0      0      0      0      0      0 
KB1RVU     K    CT   SOL-SSB       840      840      782      782    35    34     0     0   6.9   0   0   1   0   0   0   1   0   0   0      0      0      0      0      0      0      0      0      0      0      0      0      0      0      0      0      0      0      0      0      0      0      0      0      0      0      0      0      0      0      0      0      0      0      0      0      0      0      0      0      0      0      0      0      0      0 
KE2ELL     K    NY   SOL-SSB                858      725      725    33    29     0     0  15.5   3   0   1   3   0   0   0   0   0   0      0      0      0      0      0      0      0      0      0      0      0      0      0      0      0      0      0      0      0      0      0      0      0      0      0      0      0      0      0      0      0      0      0      0      0      0      0      0      0      0      0      0      0      0      0      0 
N7LRG      K    WA   SOL-SSB       744      744      696      696    31    29     0     0   6.5   1   0   0   2   0   0   2   0   0   0      0      0      0      0      0      0      0      0      0      0      0      0      0      0      0      0      0      0      0      0      0      0      0      0      0      0      0      0      0      0      0      0      0      0      0      0      0      0      0      0      0      0      0      0      0      0 
AC2N       K    FL   SOL-SSB       748      748      672      672    34    32     0     0  10.2   0   0   2   0   0   0   0   0   0   0      0      0      0      0      0      0      0      0      0      0      0      0      0      0      0      0      0      0      0      0      0      0      0      0      0      0      0      0      0      0      0      0      0      0      0      0      0      0      0      0      0      0      0      0      0      0 
KC1UKO     K    NH   SOL-SSB       638      638      616      616    29    28     0     0   3.4   0   0   1   0   0   0   0   0   0   0      0      0      0      0      0      0      0      0      0      0      0      0      0      0      0      0      0      0      0      0      0      0      0      0      0      0      0      0      0      0      0      0      0      0      0      0      0      0      0      0      0      0      0      0      0      0 
AI4DB      K    TN   SOL-SSB       646      646      594      594    34    33     0     0   8.0   0   0   0   1   0   1   0   0   0   0      0      0      0      0      0      0      0      0      0      0      0      0      0      0      0      0      0      0      0      0      0      0      0      0      0      0      0      0      0      0      0      0      0      0      0      0      0      0      0      0      0      0      0      0      0      0 
K2DJF      K    NY   SOL-SSB       567      567      567      567    27    27     0     0   0.0   0   0   0   0   0   1   0   0   0   0      0      0      0      0      0      0      0      0      0      0      0      0      0      0      0      0      0      0      0      0      0      0      0      0      0      0      0      0      0      0      0      0      0      0      0      0      0      0      0      0      0      0      0      0      0      0 
KD9GY      K    IL   SOL-SSB       513      513      513      513    27    27     0     0   0.0   0   0   0   0   0   0   0   0   0   0      0      0      0      0      0      0      0      0      0      0      0      0      0      0      0      0      0      0      0      0      0      0      0      0      0      0      0      0      0      0      0      0      0      0      0      0      0      0      0      0      0      0      0      0      0      0 
KC1QEM     K    MA   SOL-SSB       532      532      513      513    28    27     0     0   3.6   0   0   1   0   0   0   0   0   0   0      0      0      0      0      0      0      0      0      0      0      0      0      0      0      0      0      0      0      0      0      0      0      0      0      0      0      0      0      0      0      0      0      0      0      0      0      0      0      0      0      0      0      0      0      0      0 
K3GWK      K    GA   SOL-SSB       500      500      480      480    25    24     0     0   4.0   0   0   0   1   0   0   2   0   0   0      0      0      0      0      0      0      0      0      0      0      0      0      0      0      0      0      0      0      0      0      0      0      0      0      0      0      0      0      0      0      0      0      0      0      0      0      0      0      0      0      0      0      0      0      0      0 
WD0BRP     K    KS   SOL-SSB       456      456      437      437    24    23     0     0   4.2   0   0   1   0   0   0   1   0   0   0      0      0      0      0      0      0      0      0      0      0      0      0      0      0      0      0      0      0      0      0      0      0      0      0      0      0      0      0      0      0      0      0      0      0      0      0      0      0      0      0      0      0      0      0      0      0 
W7KAM      K    MO   SOL-SSB       494      494      432      432    26    24     0     0  12.6   0   0   1   1   0   1   1   0   0   0      0      0      0      0      0      0      0      0      0      0      0      0      0      0      0      0      0      0      0      0      0      0      0      0      0      0      0      0      0      0      0      0      0      0      0      0      0      0      0      0      0      0      0      0      0      0 
K0SV       K    MN   SOL-SSB       425      425      425      425    25    25     0     0   0.0   0   0   0   0   0   0   0   0   0   0      0      0      0      0      0      0      0      0      0      0      0      0      0      0      0      0      0      0      0      0      0      0      0      0      0      0      0      0      0      0      0      0      0      0      0      0      0      0      0      0      0      0      0      0      0      0 
N2EZY      K    NY   SOL-SSB       418      418      418      418    22    22     0     0   0.0   0   0   0   0   0   0   1   0   0   0      0      0      0      0      0      0      0      0      0      0      0      0      0      0      0      0      0      0      0      0      0      0      0      0      0      0      0      0      0      0      0      0      0      0      0      0      0      0      0      0      0      0      0      0      0      0 
WY1H       K    NY   SOL-SSB       399      399      399      399    21    21     0     0   0.0   0   0   0   0   0   0   0   0   0   0      0      0      0      0      0      0      0      0      0      0      0      0      0      0      0      0      0      0      0      0      0      0      0      0      0      0      0      0      0      0      0      0      0      0      0      0      0      0      0      0      0      0      0      0      0      0 
W2MRD      K    NY   SOL-SSB       360      360      360      360    20    20     0     0   0.0   0   0   0   0   0   0   0   0   0   0      0      0      0      0      0      0      0      0      0      0      0      0      0      0      0      0      0      0      0      0      0      0      0      0      0      0      0      0      0      0      0      0      0      0      0      0      0      0      0      0      0      0      0      0      0      0 
K5MAY      K    TX   SOL-SSB       352      352      352      352    22    22     0     0   0.0   0   0   0   0   0   0   0   0   0   0      0      0      0      0      0      0      0      0      0      0      0      0      0      0      0      0      0      0      0      0      0      0      0      0      0      0      0      0      0      0      0      0      0      0      0      0      0      0      0      0      0      0      0      0      0      0 
AD4GG      K    TN   SOL-SSB       432      432      352      352    24    22     0     0  18.5   0   0   0   2   0   0   2   0   0   0      0      0      0      0      0      0      0      0      0      0      0      0      0      0      0      0      0      0      0      0      0      0      0      0      0      0      0      0      0      0      0      0      0      0      0      0      0      0      0      0      0      0      0      0      0      0 
KC9DGP     K    WI   SOL-SSB       377      364      338      338    28    26     0     0   7.1   0   1   1   1   0   0   0   0   0   0      0      0      0      0      0      0      0      0      0      0      0      0      0      0      0      0      0      0      0      0      0      0      0      0      0      0      0      0      0      0      0      0      0      0      0      0      0      0      0      0      0      0      0      0      0      0 
NV4T       K    SC   SOL-SSB       315      315      315      315    21    21     0     0   0.0   0   0   0   0   0   0   0   0   0   0      0      0      0      0      0      0      0      0      0      0      0      0      0      0      0      0      0      0      0      0      0      0      0      0      0      0      0      0      0      0      0      0      0      0      0      0      0      0      0      0      0      0      0      0      0      0 
W2IOC      K    NJ   SOL-SSB       352      352      266      266    22    19     0     0  24.4   0   0   1   2   0   0   0   0   0   0      0      0      0      0      0      0      0      0      0      0      0      0      0      0      0      0      0      0      0      0      0      0      0      0      0      0      0      0      0      0      0      0      0      0      0      0      0      0      0      0      0      0      0      0      0      0 
N1WRK      K    MA   SOL-SSB       266      266      266      266    19    19     0     0   0.0   0   0   0   0   0   0   0   0   0   0      0      0      0      0      0      0      0      0      0      0      0      0      0      0      0      0      0      0      0      0      0      0      0      0      0      0      0      0      0      0      0      0      0      0      0      0      0      0      0      0      0      0      0      0      0      0 
N4ZQA      K    VA   SOL-SSB       300      300      238      238    20    17     0     0  20.7   0   0   1   2   0   2   1   0   0   0      0      0      0      0      0      0      0      0      0      0      0      0      0      0      0      0      0      0      0      0      0      0      0      0      0      0      0      0      0      0      0      0      0      0      0      0      0      0      0      0      0      0      0      0      0      0 
K1THE      K    MA   SOL-SSB       270      270      238      238    18    17     0     0  11.9   0   0   1   0   0   0   0   0   0   0      0      0      0      0      0      0      0      0      0      0      0      0      0      0      0      0      0      0      0      0      0      0      0      0      0      0      0      0      0      0      0      0      0      0      0      0      0      0      0      0      0      0      0      0      0      0 
KF2VX      K    NY   SOL-SSB       234      234      234      234    18    18     0     0   0.0   0   0   0   0   0   1   0   0   0   0      0      0      0      0      0      0      0      0      0      0      0      0      0      0      0      0      0      0      0      0      0      0      0      0      0      0      0      0      0      0      0      0      0      0      0      0      0      0      0      0      0      0      0      0      0      0 
KG5JEN     K    NY   SOL-SSB       225      225      225      225    15    15     0     0   0.0   0   0   0   0   0   0   0   0   0   0      0      0      0      0      0      0      0      0      0      0      0      0      0      0      0      0      0      0      0      0      0      0      0      0      0      0      0      0      0      0      0      0      0      0      0      0      0      0      0      0      0      0      0      0      0      0 
K3IS       K    KY   SOL-SSB       192      192      192      192    16    16     0     0   0.0   0   0   0   0   0   0   0   0   0   0      0      0      0      0      0      0      0      0      0      0      0      0      0      0      0      0      0      0      0      0      0      0      0      0      0      0      0      0      0      0      0      0      0      0      0      0      0      0      0      0      0      0      0      0      0      0 
K5FAM      K    TX   SOL-SSB       153      153      153      153    17    17     0     0   0.0   0   0   0   0   0   0   0   0   0   0      0      0      0      0      0      0      0      0      0      0      0      0      0      0      0      0      0      0      0      0      0      0      0      0      0      0      0      0      0      0      0      0      0      0      0      0      0      0      0      0      0      0      0      0      0      0 
W0DCN      K    IA   SOL-SSB       143      143      132      132    13    12     0     0   7.7   0   0   1   0   0   0   0   0   0   0      0      0      0      0      0      0      0      0      0      0      0      0      0      0      0      0      0      0      0      0      0      0      0      0      0      0      0      0      0      0      0      0      0      0      0      0      0      0      0      0      0      0      0      0      0      0 
KB2LUV     K    NY   SOL-SSB       144      144      121      121    12    11     0     0  16.0   0   0   0   1   0   1   1   0   0   0      0      0      0      0      0      0      0      0      0      0      0      0      0      0      0      0      0      0      0      0      0      0      0      0      0      0      0      0      0      0      0      0      0      0      0      0      0      0      0      0      0      0      0      0      0      0 
VE9RLW     VE   NB   SOL-SSB       120      120      120      120    12    12     0     0   0.0   0   0   0   0   0   0   1   0   0   0      0      0      0      0      0      0      0      0      0      0      0      0      0      0      0      0      0      0      0      0      0      0      0      0      0      0      0      0      0      0      0      0      0      0      0      0      0      0      0      0      0      0      0      0      0      0 
N7AME      K    WA   SOL-SSB       143      143      120      120    13    12     0     0  16.1   0   0   1   0   0   1   0   0   0   0      0      0      0      0      0      0      0      0      0      0      0      0      0      0      0      0      0      0      0      0      0      0      0      0      0      0      0      0      0      0      0      0      0      0      0      0      0      0      0      0      0      0      0      0      0      0 
K0KSH      K    CO   SOL-SSB       150      150      117      117    15    13     0     0  22.0   1   0   1   1   0   1   1   0   0   0      0      0      0      0      0      0      0      0      0      0      0      0      0      0      0      0      0      0      0      0      0      0      0      0      0      0      0      0      0      0      0      0      0      0      0      0      0      0      0      0      0      0      0      0      0      0 
W0CN       K    MN   SOL-SSB       100      100      100      100    10    10     0     0   0.0   0   0   0   0   0   0   1   0   0   0      0      0      0      0      0      0      0      0      0      0      0      0      0      0      0      0      0      0      0      0      0      0      0      0      0      0      0      0      0      0      0      0      0      0      0      0      0      0      0      0      0      0      0      0      0      0 
N5JDT      K    NM   SOL-SSB        99       99       99       99    11    11     0     0   0.0   0   0   0   0   0   0   0   0   0   0      0      0      0      0      0      0      0      0      0      0      0      0      0      0      0      0      0      0      0      0      0      0      0      0      0      0      0      0      0      0      0      0      0      0      0      0      0      0      0      0      0      0      0      0      0      0 
KI5MM      K    TX   SOL-SSB        96       96       96       96    12    12     0     0   0.0   0   0   0   0   0   0   0   0   0   0      0      0      0      0      0      0      0      0      0      0      0      0      0      0      0      0      0      0      0      0      0      0      0      0      0      0      0      0      0      0      0      0      0      0      0      0      0      0      0      0      0      0      0      0      0      0 
N0UJJ      K    MN   SOL-SSB        80       80       80       80    10    10     0     0   0.0   0   0   0   0   0   0   0   0   0   0      0      0      0      0      0      0      0      0      0      0      0      0      0      0      0      0      0      0      0      0      0      0      0      0      0      0      0      0      0      0      0      0      0      0      0      0      0      0      0      0      0      0      0      0      0      0 
N2LOL      K    NY   SOL-SSB                 64       64       64     8     8     0     0   0.0   0   0   0   0   0   0   0   0   0   0      0      0      0      0      0      0      0      0      0      0      0      0      0      0      0      0      0      0      0      0      0      0      0      0      0      0      0      0      0      0      0      0      0      0      0      0      0      0      0      0      0      0      0      0      0      0 
KK4CS      K    GA   SOL-SSB        54       54       54       54     9     9     0     0   0.0   0   0   0   0   0   0   0   0   0   0      0      0      0      0      0      0      0      0      0      0      0      0      0      0      0      0      0      0      0      0      0      0      0      0      0      0      0      0      0      0      0      0      0      0      0      0      0      0      0      0      0      0      0      0      0      0 
AC7DD      K    AZ   SOL-SSB        42       42       42       42     7     7     0     0   0.0   0   0   0   0   0   0   0   0   0   0      0      0      0      0      0      0      0      0      0      0      0      0      0      0      0      0      0      0      0      0      0      0      0      0      0      0      0      0      0      0      0      0      0      0      0      0      0      0      0      0      0      0      0      0      0      0 
AC3MR      K    DE   SOL-SSB         0       56       42       42     8     7     0     0  25.0   1   0   1   0   0   0   7   0   0   0      0      0      0      0      0      0      0      0      0      0      0      0      0      0      0      0      0      0      0      0      0      0      0      0      0      0      0      0      0      0      0      0      0      0      0      0      0      0      0      0      0      0      0      0      0      0 
N9DEK      K    IN   SOL-SSB        40       40       40       40     8     8     0     0   0.0   0   0   0   0   0   1   2   0   0   0      0      0      0      0      0      0      0      0      0      0      0      0      0      0      0      0      0      0      0      0      0      0      0      0      0      0      0      0      0      0      0      0      0      0      0      0      0      0      0      0      0      0      0      0      0      0 
K1SOE      K    MA   SOL-SSB        49       49       36       36     7     6     0     0  26.5   0   0   0   1   0   0   0   0   0   0      0      0      0      0      0      0      0      0      0      0      0      0      0      0      0      0      0      0      0      0      0      0      0      0      0      0      0      0      0      0      0      0      0      0      0      0      0      0      0      0      0      0      0      0      0      0 
KC1YJA     K    MA   SOL-SSB        35       35       35       35     7     7     0     0   0.0   0   0   0   0   0   0   1   0   0   0      0      0      0      0      0      0      0      0      0      0      0      0      0      0      0      0      0      0      0      0      0      0      0      0      0      0      0      0      0      0      0      0      0      0      0      0      0      0      0      0      0      0      0      0      0      0 
K1HG       K    FL   SOL-SSB        48       48       35       35     8     7     0     0  27.1   0   0   0   1   0   0   0   0   0   0      0      0      0      0      0      0      0      0      0      0      0      0      0      0      0      0      0      0      0      0      0      0      0      0      0      0      0      0      0      0      0      0      0      0      0      0      0      0      0      0      0      0      0      0      0      0 
KI4MCW     K    VA   SOL-SSB                 30       30       30     6     6     0     0   0.0   0   0   0   0   0   0   0   0   0   0      0      0      0      0      0      0      0      0      0      0      0      0      0      0      0      0      0      0      0      0      0      0      0      0      0      0      0      0      0      0      0      0      0      0      0      0      0      0      0      0      0      0      0      0      0      0 
AJ4HP      K    FL   SOL-SSB        42       42       30       30     7     6     0     0  28.6   0   0   1   0   0   0   0   0   0   0      0      0      0      0      0      0      0      0      0      0      0      0      0      0      0      0      0      0      0      0      0      0      0      0      0      0      0      0      0      0      0      0      0      0      0      0      0      0      0      0      0      0      0      0      0      0 
W6ECK      K    CA   SOL-SSB        36       36       25       25     6     5     0     0  30.6   0   0   0   1   0   0   1   0   0   0      0      0      0      0      0      0      0      0      0      0      0      0      0      0      0      0      0      0      0      0      0      0      0      0      0      0      0      0      0      0      0      0      0      0      0      0      0      0      0      0      0      0      0      0      0      0 
VA3PNL     VE   ON   SOL-SSB        30       30       25       25     6     5     0     0  16.7   0   0   1   0   0   0   0   0   0   0      0      0      0      0      0      0      0      0      0      0      0      0      0      0      0      0      0      0      0      0      0      0      0      0      0      0      0      0      0      0      0      0      0      0      0      0      0      0      0      0      0      0      0      0      0      0 
N0KTB      K    TX   SOL-SSB                 25       25       25     5     5     0     0   0.0   0   0   0   0   0   0   0   0   0   0      0      0      0      0      0      0      0      0      0      0      0      0      0      0      0      0      0      0      0      0      0      0      0      0      0      0      0      0      0      0      0      0      0      0      0      0      0      0      0      0      0      0      0      0      0      0 
KD9MGZ     K    IN   SOL-SSB        56       56       25       25     7     5     0     0  55.4   0   0   1   1   0   0   1   0   0   0      0      0      0      0      0      0      0      0      0      0      0      0      0      0      0      0      0      0      0      0      0      0      0      0      0      0      0      0      0      0      0      0      0      0      0      0      0      0      0      0      0      0      0      0      0      0 
KI6KGC     K    NM   SOL-SSB        24       24       24       24     6     6     0     0   0.0   0   0   0   0   0   0   0   0   0   0      0      0      0      0      0      0      0      0      0      0      0      0      0      0      0      0      0      0      0      0      0      0      0      0      0      0      0      0      0      0      0      0      0      0      0      0      0      0      0      0      0      0      0      0      0      0 
AB2NM      K    NY   SOL-SSB                 30       20       20     5     4     0     0  33.3   0   0   0   0   1   1   0   0   0   0      0      0      0      0      0      0      0      0      0      0      0      0      0      0      0      0      0      0      0      0      0      0      0      0      0      0      0      0      0      0      0      0      0      0      0      0      0      0      0      0      0      0      0      0      0      0 
N9PCS      K    IL   SOL-SSB        16       16       16       16     4     4     0     0   0.0   0   0   0   0   0   0   0   0   0   0      0      0      0      0      0      0      0      0      0      0      0      0      0      0      0      0      0      0      0      0      0      0      0      0      0      0      0      0      0      0      0      0      0      0      0      0      0      0      0      0      0      0      0      0      0      0 
K0CLW      K    KS   SOL-SSB        16       16       16       16     4     4     0     0   0.0   0   0   0   0   0   0   0   0   0   0      0      0      0      0      0      0      0      0      0      0      0      0      0      0      0      0      0      0      0      0      0      0      0      0      0      0      0      0      0      0      0      0      0      0      0      0      0      0      0      0      0      0      0      0      0      0 
N0XT       K    MN   SOL-SSB         6        6        6        6     3     3     0     0   0.0   0   0   0   0   0   0   1   0   0   0      0      0      0      0      0      0      0      0      0      0      0      0      0      0      0      0      0      0      0      0      0      0      0      0      0      0      0      0      0      0      0      0      0      0      0      0      0      0      0      0      0      0      0      0      0      0 
AC3LW      K    NY   SOL-SSB         4        6        6        6     3     3     0     0   0.0   0   0   0   0   0   0   0   0   0   0      0      0      0      0      0      0      0      0      0      0      0      0      0      0      0      0      0      0      0      0      0      0      0      0      0      0      0      0      0      0      0      0      0      0      0      0      0      0      0      0      0      0      0      0      0      0 
KX1W       K    NJ   SOL-SSB         4        4        4        4     2     2     0     0   0.0   0   0   0   0   0   0   0   0   0   0      0      0      0      0      0      0      0      0      0      0      0      0      0      0      0      0      0      0      0      0      0      0      0      0      0      0      0      0      0      0      0      0      0      0      0      0      0      0      0      0      0      0      0      0      0      0 
KG6WSW     K    CA   SOL-SSB                  1        1        1     1     1     0     0   0.0   0   0   0   0   0   0   0   0   0   0      0      0      0      0      0      0      0      0      0      0      0      0      0      0      0      0      0      0      0      0      0      0      0      0      0      0      0      0      0      0      0      0      0      0      0      0      0      0      0      0      0      0      0      0      0      0 
K2AL       K    NY   SOL-MIXED-P    82156    82340    78409    78409   558   550     0     0   4.8  15   6   1   7   0   1   6   0   0   0      0      0      0      0      0      0      0      0      0      0      0      0      0      0      0      0      0      0      0      0      0      0      0      0      0      0      0      0      0      0      0      0      0      0      0      0      0      0      0      0      0      0      0      0      0      0 
N2JJ       K    NY   SOL-MIXED-P    22134    22134    22134    22134   236   236     0     0   0.0   0   2   0   0   0   1   9   2   0   0      0      0      0      0      0      0      0      0      0      0      0      0      0      0      0      0      0      0      0      0      0      0      0      0      0      0      0      0      0      0      0      0      0      0      0      0      0      0      0      0      0      0      0      0      0      0 
N2TO       K    NY   SOL-MIXED-P    11750    11650    11500    11500   188   186     0     0   1.3  22   2   2   0   0   0   1   0   0   0      0      0      0      0      0      0      0      0      0      0      0      0      0      0      0      0      0      0      0      0      0      0      0      0      0      0      0      0      0      0      0      0      0      0      0      0      0      0      0      0      0      0      0      0      0      0 
K8GB       K    MI   SOL-MIXED-P      570      570      504      504    21    20     0     0  11.6   0   0   0   1   0   0   0   0   0   0      0      0      0      0      0      0      0      0      0      0      0      0      0      0      0      0      0      0      0      0      0      0      0      0      0      0      0      0      0      0      0      0      0      0      0      0      0      0      0      0      0      0      0      0      0      0 
WT0RJ      K    CO   SOL-MIXED-P       32       32       32       32     6     6     0     0   0.0   0   0   0   0   0   0   0   0   0   0      0      0      0      0      0      0      0      0      0      0      0      0      0      0      0      0      0      0      0      0      0      0      0      0      0      0      0      0      0      0      0      0      0      0      0      0      0      0      0      0      0      0      0      0      0      0 
N2CU       K    NY   SOL-MIXED-M   202580   202580   201320   201320  1558  1548     0     0   0.6   0  38   6   4   0  11  26   2   0   0      0      0      0      0      0      0      0      0      0      0      0      0      0      0      0      0      0      0      0      0      0      0      0      0      0      0      0      0      0      0      0      0      0      0      0      0      0      0      0      0      0      0      0      0      0      0 
K2Q        K    NY   SOL-MIXED-M   146219   146219   141840   141840  1021  1000     0     0   3.0   2  16   6  11   4  25  32   4   0   0      0      0      0      0      0      0      0      0      0      0      0      0      0      0      0      0      0      0      0      0      0      0      0      0      0      0      0      0      0      0      0      0      0      0      0      0      0      0      0      0      0      0      0      0      0      0 
N2B        K    NY   SOL-MIXED-M    41370    40779    39537    39537   327   318     0     0   3.0  16   1   4   4   1   1  14   2   0   0      0      0      0      0      0      0      0      0      0      0      0      0      0      0      0      0      0      0      0      0      0      0      0      0      0      0      0      0      0      0      0      0      0      0      0      0      0      0      0      0      0      0      0      0      0      0 
W1WV/M     K    NY   SOL-MIXED-M    10528    10528     9955     9955   166   160     0     0   5.4   0   0   4   2   0   1   5   0   0   0      0      0      0      0      0      0      0      0      0      0      0      0      0      0      0      0      0      0      0      0      0      0      0      0      0      0      0      0      0      0      0      0      0      0      0      0      0      0      0      0      0      0      0      0      0      0 
WA2QAU     K    NY   SOL-MIXED   133350   133350   131250   131250   800   788     0     0   1.6  27   1   9   3   0   8   7   4   0   0      0      0      0      0      0      0      0      0      0      0      0      0      0      0      0      0      0      0      0      0      0      0      0      0      0      0      0      0      0      0      0      0      0      0      0      0      0      0      0      0      0      0      0      0      0      0 
K2XA       K    NY   SOL-MIXED   110968   111162   109416   109416   668   658     0     0   1.6  16   7  10   0   0   3   8   0   0   0      0      0      0      0      0      0      0      0      0      0      0      0      0      0      0      0      0      0      0      0      0      0      0      0      0      0      0      0      0      0      0      0      0      0      0      0      0      0      0      0      0      0      0      0      0      0 
WB2AMN     K    NY   SOL-MIXED   108300   107613   103096   103096   649   631     0     0   4.2  18   7   6  12   0   5   2   0   0   0      0      0      0      0      0      0      0      0      0      0      0      0      0      0      0      0      0      0      0      0      0      0      0      0      0      0      0      0      0      0      0      0      0      0      0      0      0      0      0      0      0      0      0      0      0      0 
AA2ZW      K    NY   SOL-MIXED    99968    99968    91056    91056   601   574     0     0   8.9   7   1  13  14   0   6   8   0   0   0      0      0      0      0      0      0      0      0      0      0      0      0      0      0      0      0      0      0      0      0      0      0      0      0      0      0      0      0      0      0      0      0      0      0      0      0      0      0      0      0      0      0      0      0      0      0 
NN2L       K    NY   SOL-MIXED    85041    85041    82863    82863   492   480     0     0   2.6   3   0   5   7   0   2   1   0   0   0      0      0      0      0      0      0      0      0      0      0      0      0      0      0      0      0      0      0      0      0      0      0      0      0      0      0      0      0      0      0      0      0      0      0      0      0      0      0      0      0      0      0      0      0      0      0 
WW2P       K    NY   SOL-MIXED    44424    44424    43992    43992   387   383     0     0   1.0  21   3   1   3   0   1   4   0   0   0      0      0      0      0      0      0      0      0      0      0      0      0      0      0      0      0      0      0      0      0      0      0      0      0      0      0      0      0      0      0      0      0      0      0      0      0      0      0      0      0      0      0      0      0      0      0 
WB2SIH     K    NY   SOL-MIXED    41503    41503    41426    41426   315   314     0     0   0.2   6   0   0   1   0   9   4   0   0   0      0      0      0      0      0      0      0      0      0      0      0      0      0      0      0      0      0      0      0      0      0      0      0      0      0      0      0      0      0      0      0      0      0      0      0      0      0      0      0      0      0      0      0      0      0      0 
N8II       K    WV   SOL-MIXED    40870    40870    39955    39955   419   411     0     0   2.2   2   8   3   5   0   5   3   0   0   0      0      0      0      0      0      0      0      0      0      0      0      0      0      0      0      0      0      0      0      0      0      0      0      0      0      0      0      0      0      0      0      0      0      0      0      0      0      0      0      0      0      0      0      0      0      0 
N0HJZ      K    MN   SOL-MIXED    31565    31565    30798    30798   325   323     0     0   2.4   8   0   1   1   0   2   1   0   0   0      0      0      0      0      0      0      0      0      0      0      0      0      0      0      0      0      0      0      0      0      0      0      0      0      0      0      0      0      0      0      0      0      0      0      0      0      0      0      0      0      0      0      0      0      0      0 
N1NQD      K    NY   SOL-MIXED    28036    28036    27540    27540   269   268     0     0   1.8  11   0   1   0   0   1   2   0   0   0      0      0      0      0      0      0      0      0      0      0      0      0      0      0      0      0      0      0      0      0      0      0      0      0      0      0      0      0      0      0      0      0      0      0      0      0      0      0      0      0      0      0      0      0      0      0 
K9PW       K    IL   SOL-MIXED    25200    25200    24976    24976   258   255     0     0   0.9   0   4   0   3   0   3   0   0   0   0      0      0      0      0      0      0      0      0      0      0      0      0      0      0      0      0      0      0      0      0      0      0      0      0      0      0      0      0      0      0      0      0      0      0      0      0      0      0      0      0      0      0      0      0      0      0 
WB9HFK     K    IL   SOL-MIXED    24584    24584    24472    24472   240   239     0     0   0.5   0   2   0   1   0   2   0   0   0   0      0      0      0      0      0      0      0      0      0      0      0      0      0      0      0      0      0      0      0      0      0      0      0      0      0      0      0      0      0      0      0      0      0      0      0      0      0      0      0      0      0      0      0      0      0      0 
WA2CHV     K    NY   SOL-MIXED    20216    20216    19836    19836   219   216     0     0   1.9   4   0   2   1   0   1   5   0   0   0      0      0      0      0      0      0      0      0      0      0      0      0      0      0      0      0      0      0      0      0      0      0      0      0      0      0      0      0      0      0      0      0      0      0      0      0      0      0      0      0      0      0      0      0      0      0 
WA5SOG     K    AR   SOL-MIXED    17799    17799    17595    17595   192   190     0     0   1.1   0   6   1   1   0   1   6   0   0   0      0      0      0      0      0      0      0      0      0      0      0      0      0      0      0      0      0      0      0      0      0      0      0      0      0      0      0      0      0      0      0      0      0      0      0      0      0      0      0      0      0      0      0      0      0      0 
W8PI       K    MI   SOL-MIXED    17238    17238    16932    16932   192   189     0     0   1.8   0   0   3   0   0   3   0   0   0   0      0      0      0      0      0      0      0      0      0      0      0      0      0      0      0      0      0      0      0      0      0      0      0      0      0      0      0      0      0      0      0      0      0      0      0      0      0      0      0      0      0      0      0      0      0      0 
N1IBM      K    VT   SOL-MIXED    15211    15211    15105    15105   188   187     0     0   0.7   0   1   0   1   0   2   0   0   0   0      0      0      0      0      0      0      0      0      0      0      0      0      0      0      0      0      0      0      0      0      0      0      0      0      0      0      0      0      0      0      0      0      0      0      0      0      0      0      0      0      0      0      0      0      0      0 
K8MR       K    OH   SOL-MIXED    15100    15100    14950    14950   181   179     0     0   1.0   0   0   1   1   0   1   0   0   0   0      0      0      0      0      0      0      0      0      0      0      0      0      0      0      0      0      0      0      0      0      0      0      0      0      0      0      0      0      0      0      0      0      0      0      0      0      0      0      0      0      0      0      0      0      0      0 
KE2EGF     K    NY   SOL-MIXED    15028    15028    14058    14058   151   145     0     0   6.5   2   1   2   4   0   1   3   0   0   0      0      0      0      0      0      0      0      0      0      0      0      0      0      0      0      0      0      0      0      0      0      0      0      0      0      0      0      0      0      0      0      0      0      0      0      0      0      0      0      0      0      0      0      0      0      0 
N3GJ       K    PA   SOL-MIXED    13630    13920    13872    13872   173   172     0     0   0.3   0   0   0   1   0   1   0   0   0   0      0      0      0      0      0      0      0      0      0      0      0      0      0      0      0      0      0      0      0      0      0      0      0      0      0      0      0      0      0      0      0      0      0      0      0      0      0      0      0      0      0      0      0      0      0      0 
WA8ZBT     K    TX   SOL-MIXED    14104    14104    13734    13734   183   182     0     0   2.6   0   0   0   1   0   2   0   0   0   0      0      0      0      0      0      0      0      0      0      0      0      0      0      0      0      0      0      0      0      0      0      0      0      0      0      0      0      0      0      0      0      0      0      0      0      0      0      0      0      0      0      0      0      0      0      0 
KD2KEH     K    NY   SOL-MIXED    13454    13454    13268    13268   165   163     0     0   1.4   2   1   1   1   0   1   2   0   0   0      0      0      0      0      0      0      0      0      0      0      0      0      0      0      0      0      0      0      0      0      0      0      0      0      0      0      0      0      0      0      0      0      0      0      0      0      0      0      0      0      0      0      0      0      0      0 
WA2LMC     K    NC   SOL-MIXED    12513    12427    11802    11802   160   155     0     0   5.0   2   2   1   3   1   3   3   0   0   0      0      0      0      0      0      0      0      0      0      0      0      0      0      0      0      0      0      0      0      0      0      0      0      0      0      0      0      0      0      0      0      0      0      0      0      0      0      0      0      0      0      0      0      0      0      0 
W4LEW      K    VA   SOL-MIXED    11232    11232    11128    11128   127   126     0     0   0.9   0   0   1   0   0   1   0   0   0   0      0      0      0      0      0      0      0      0      0      0      0      0      0      0      0      0      0      0      0      0      0      0      0      0      0      0      0      0      0      0      0      0      0      0      0      0      0      0      0      0      0      0      0      0      0      0 
AC2RL      K    NY   SOL-MIXED    10900    10900    10800    10800   144   143     0     0   0.9   0   0   0   1   0   2   5   0   0   0      0      0      0      0      0      0      0      0      0      0      0      0      0      0      0      0      0      0      0      0      0      0      0      0      0      0      0      0      0      0      0      0      0      0      0      0      0      0      0      0      0      0      0      0      0      0 
W2NYW      K    NY   SOL-MIXED    11220    11152    10586    10586   164   158     0     0   5.1   0   1   3   3   0   2   3   0   0   0      0      0      0      0      0      0      0      0      0      0      0      0      0      0      0      0      0      0      0      0      0      0      0      0      0      0      0      0      0      0      0      0      0      0      0      0      0      0      0      0      0      0      0      0      0      0 
K2MV       K    NY   SOL-MIXED    10887    10887    10472    10472   121   119     0     0   3.8   0   1   2   0   0   0   0   0   0   0      0      0      0      0      0      0      0      0      0      0      0      0      0      0      0      0      0      0      0      0      0      0      0      0      0      0      0      0      0      0      0      0      0      0      0      0      0      0      0      0      0      0      0      0      0      0 
K3QP       K    PA   SOL-MIXED    10437    10437    10290    10290   114   112     0     0   1.4   0   7   0   2   0   2   5   0   0   0      0      0      0      0      0      0      0      0      0      0      0      0      0      0      0      0      0      0      0      0      0      0      0      0      0      0      0      0      0      0      0      0      0      0      0      0      0      0      0      0      0      0      0      0      0      0 
NX9B       K    TN   SOL-MIXED    10209    10209     9963     9963   138   135     0     0   2.4   0   0   1   2   0   1   2   0   0   0      0      0      0      0      0      0      0      0      0      0      0      0      0      0      0      0      0      0      0      0      0      0      0      0      0      0      0      0      0      0      0      0      0      0      0      0      0      0      0      0      0      0      0      0      0      0 
K0MPH      K    MN   SOL-MIXED     9840     9840     9840     9840   125   125     0     0   0.0   0   0   0   0   0   2   1   0   0   0      0      0      0      0      0      0      0      0      0      0      0      0      0      0      0      0      0      0      0      0      0      0      0      0      0      0      0      0      0      0      0      0      0      0      0      0      0      0      0      0      0      0      0      0      0      0 
N2OA       K    NY   SOL-MIXED     9672     9672     9412     9412   146   143     0     0   2.7   2   0   1   2   0   0   1   0   0   0      0      0      0      0      0      0      0      0      0      0      0      0      0      0      0      0      0      0      0      0      0      0      0      0      0      0      0      0      0      0      0      0      0      0      0      0      0      0      0      0      0      0      0      0      0      0 
VE3OMV     VE   ON   SOL-MIXED     9000     9000     8697     8697   129   128     0     0   3.4   0   2   0   1   0   1   0   0   0   0      0      0      0      0      0      0      0      0      0      0      0      0      0      0      0      0      0      0      0      0      0      0      0      0      0      0      0      0      0      0      0      0      0      0      0      0      0      0      0      0      0      0      0      0      0      0 
AC0W       K    MN   SOL-MIXED     8610     8610     8610     8610   140   140     0     0   0.0   0   1   0   0   0   1   1   0   0   0      0      0      0      0      0      0      0      0      0      0      0      0      0      0      0      0      0      0      0      0      0      0      0      0      0      0      0      0      0      0      0      0      0      0      0      0      0      0      0      0      0      0      0      0      0      0 
AC2FA      K    NY   SOL-MIXED     8955     8428     7280     7280   103    96     0     0  13.6   2   1   5   2   0   0   1   0   0   0      0      0      0      0      0      0      0      0      0      0      0      0      0      0      0      0      0      0      0      0      0      0      0      0      0      0      0      0      0      0      0      0      0      0      0      0      0      0      0      0      0      0      0      0      0      0 
W9QL       K    IL   SOL-MIXED     7257     7257     6513     6513   100    95     0     0  10.3   0   0   2   3   0   1   0   0   0   0      0      0      0      0      0      0      0      0      0      0      0      0      0      0      0      0      0      0      0      0      0      0      0      0      0      0      0      0      0      0      0      0      0      0      0      0      0      0      0      0      0      0      0      0      0      0 
AF5CC      K    OK   SOL-MIXED     7070     7070     6468     6468   110   107     0     0   8.5   0   1   0   3   0   0   0   0   0   0      0      0      0      0      0      0      0      0      0      0      0      0      0      0      0      0      0      0      0      0      0      0      0      0      0      0      0      0      0      0      0      0      0      0      0      0      0      0      0      0      0      0      0      0      0      0 
KA2FIR     K    NJ   SOL-MIXED     6669     6669     6308     6308   115   111     0     0   5.4   0   0   1   3   0   1   2   0   0   0      0      0      0      0      0      0      0      0      0      0      0      0      0      0      0      0      0      0      0      0      0      0      0      0      0      0      0      0      0      0      0      0      0      0      0      0      0      0      0      0      0      0      0      0      0      0 
KB4CG      K    VA   SOL-MIXED     6660     6660     6265     6265   107   104     0     0   5.9   0   3   1   2   0   3   0   0   0   0      0      0      0      0      0      0      0      0      0      0      0      0      0      0      0      0      0      0      0      0      0      0      0      0      0      0      0      0      0      0      0      0      0      0      0      0      0      0      0      0      0      0      0      0      0      0 
N2NC       K    NJ   SOL-MIXED     6231     6231     6169     6169   103   102     0     0   1.0   0   1   0   1   0   0   1   0   0   0      0      0      0      0      0      0      0      0      0      0      0      0      0      0      0      0      0      0      0      0      0      0      0      0      0      0      0      0      0      0      0      0      0      0      0      0      0      0      0      0      0      0      0      0      0      0 
K8RGI      K    OH   SOL-MIXED     6052     5984     5984     5984    97    97     0     0   0.0   0   1   0   0   0   2   0   0   0   0      0      0      0      0      0      0      0      0      0      0      0      0      0      0      0      0      0      0      0      0      0      0      0      0      0      0      0      0      0      0      0      0      0      0      0      0      0      0      0      0      0      0      0      0      0      0 
KA2ENE     K    NY   SOL-MIXED     5900     5900     5684     5684   102   101     0     0   3.7   3   0   0   1   0   1   1   0   0   0      0      0      0      0      0      0      0      0      0      0      0      0      0      0      0      0      0      0      0      0      0      0      0      0      0      0      0      0      0      0      0      0      0      0      0      0      0      0      0      0      0      0      0      0      0      0 
K0RC       K    MN   SOL-MIXED     5644     5644     5576     5576    87    86     0     0   1.2   0   0   0   1   0   5   0   0   0   0      0      0      0      0      0      0      0      0      0      0      0      0      0      0      0      0      0      0      0      0      0      0      0      0      0      0      0      0      0      0      0      0      0      0      0      0      0      0      0      0      0      0      0      0      0      0 
K2DBK      K    NJ   SOL-MIXED     5590     5590     5084     5084    78    75     0     0   9.1   0   0   3   0   0   1   0   0   0   0      0      0      0      0      0      0      0      0      0      0      0      0      0      0      0      0      0      0      0      0      0      0      0      0      0      0      0      0      0      0      0      0      0      0      0      0      0      0      0      0      0      0      0      0      0      0 
WB2AIV     K    NY   SOL-MIXED     4760     4862     4862     4862    91    91     0     0   0.0   0   1   0   0   0   2   1   0   0   0      0      0      0      0      0      0      0      0      0      0      0      0      0      0      0      0      0      0      0      0      0      0      0      0      0      0      0      0      0      0      0      0      0      0      0      0      0      0      0      0      0      0      0      0      0      0 
KB2URI     K    NY   SOL-MIXED     4554     4587     4320     4320    71    69     0     0   5.8   6   0   2   0   0   1   0   0   0   0      0      0      0      0      0      0      0      0      0      0      0      0      0      0      0      0      0      0      0      0      0      0      0      0      0      0      0      0      0      0      0      0      0      0      0      0      0      0      0      0      0      0      0      0      0      0 
KA0PQW     K    MN   SOL-MIXED     4725     4725     4316     4316    91    86     0     0   8.7   0   0   2   3   0   0   3   0   0   0      0      0      0      0      0      0      0      0      0      0      0      0      0      0      0      0      0      0      0      0      0      0      0      0      0      0      0      0      0      0      0      0      0      0      0      0      0      0      0      0      0      0      0      0      0      0 
AI5G       K    MO   SOL-MIXED     4077     4077     4077     4077    85    85     0     0   0.0   0   0   0   0   0   1   0   0   0   0      0      0      0      0      0      0      0      0      0      0      0      0      0      0      0      0      0      0      0      0      0      0      0      0      0      0      0      0      0      0      0      0      0      0      0      0      0      0      0      0      0      0      0      0      0      0 
VE3HZ      VE   ON   SOL-MIXED     3648     3686     3686     3686    75    75     0     0   0.0   0   0   0   0   0   0   0   0   0   0      0      0      0      0      0      0      0      0      0      0      0      0      0      0      0      0      0      0      0      0      0      0      0      0      0      0      0      0      0      0      0      0      0      0      0      0      0      0      0      0      0      0      0      0      0      0 
KA3EEO     K    PA   SOL-MIXED     4012     3944     3520     3520    64    61     0     0  10.8   0   1   0   3   0   0   0   0   0   0      0      0      0      0      0      0      0      0      0      0      0      0      0      0      0      0      0      0      0      0      0      0      0      0      0      0      0      0      0      0      0      0      0      0      0      0      0      0      0      0      0      0      0      0      0      0 
N3CKI      K    NC   SOL-MIXED     3538     3509     3509     3509    64    64     0     0   0.0   0   0   0   0   0   0   1   0   0   0      0      0      0      0      0      0      0      0      0      0      0      0      0      0      0      0      0      0      0      0      0      0      0      0      0      0      0      0      0      0      0      0      0      0      0      0      0      0      0      0      0      0      0      0      0      0 
K4FTO      K    VA   SOL-MIXED     3364     3422     3132     3132    60    55     0     0   8.5   0   0   3   2   0   0   1   0   0   0      0      0      0      0      0      0      0      0      0      0      0      0      0      0      0      0      0      0      0      0      0      0      0      0      0      0      0      0      0      0      0      0      0      0      0      0      0      0      0      0      0      0      0      0      0      0 
KE2DEB     K    NY   SOL-MIXED        0     3042     3042     3042    63    63     0     0   0.0  24   1   0   0   0   0   0   0   0   0      0      0      0      0      0      0      0      0      0      0      0      0      0      0      0      0      0      0      0      0      0      0      0      0      0      0      0      0      0      0      0      0      0      0      0      0      0      0      0      0      0      0      0      0      0      0 
KE2FLW     K    NY   SOL-MIXED     3200     3200     3040     3040    70    66     0     0   5.0   7   2   2   2   0   2   1   0   0   0      0      0      0      0      0      0      0      0      0      0      0      0      0      0      0      0      0      0      0      0      0      0      0      0      0      0      0      0      0      0      0      0      0      0      0      0      0      0      0      0      0      0      0      0      0      0 
VE3NFN     VE   ON   SOL-MIXED     3016     3016     3016     3016    60    60     0     0   0.0   0   0   0   0   0   1   2   0   0   0      0      0      0      0      0      0      0      0      0      0      0      0      0      0      0      0      0      0      0      0      0      0      0      0      0      0      0      0      0      0      0      0      0      0      0      0      0      0      0      0      0      0      0      0      0      0 
N8QE       K    OH   SOL-MIXED     3264     3136     3008     3008    62    59     0     0   4.1   0   2   1   2   0   1   0   0   0   0      0      0      0      0      0      0      0      0      0      0      0      0      0      0      0      0      0      0      0      0      0      0      0      0      0      0      0      0      0      0      0      0      0      0      0      0      0      0      0      0      0      0      0      0      0      0 
K4DR       K    TN   SOL-MIXED     2828     2828     2673     2673    55    54     0     0   5.5   0   0   0   1   0   1   0   0   0   0      0      0      0      0      0      0      0      0      0      0      0      0      0      0      0      0      0      0      0      0      0      0      0      0      0      0      0      0      0      0      0      0      0      0      0      0      0      0      0      0      0      0      0      0      0      0 
W1ARY      K    CT   SOL-MIXED     2639     2639     2464     2464    48    46     0     0   6.6   0   0   0   2   0   0   0   0   0   0      0      0      0      0      0      0      0      0      0      0      0      0      0      0      0      0      0      0      0      0      0      0      0      0      0      0      0      0      0      0      0      0      0      0      0      0      0      0      0      0      0      0      0      0      0      0 
NN2NN      K    NY   SOL-MIXED     2424     2424     2277     2277    51    50     0     0   6.1   0   0   1   0   0   0   0   0   0   0      0      0      0      0      0      0      0      0      0      0      0      0      0      0      0      0      0      0      0      0      0      0      0      0      0      0      0      0      0      0      0      0      0      0      0      0      0      0      0      0      0      0      0      0      0      0 
N0OK       K    MN   SOL-MIXED     2200     2200     2088     2088    50    49     0     0   5.1   0   0   0   1   0   0   1   0   0   0      0      0      0      0      0      0      0      0      0      0      0      0      0      0      0      0      0      0      0      0      0      0      0      0      0      0      0      0      0      0      0      0      0      0      0      0      0      0      0      0      0      0      0      0      0      0 
VA3KRJ     VE   ON   SOL-MIXED     2080     2080     1950     1950    44    43     0     0   6.3   0   0   1   0   0   0   0   0   0   0      0      0      0      0      0      0      0      0      0      0      0      0      0      0      0      0      0      0      0      0      0      0      0      0      0      0      0      0      0      0      0      0      0      0      0      0      0      0      0      0      0      0      0      0      0      0 
KF3EB      K    PA   SOL-MIXED              1752     1752     1752    46    46     0     0   0.0   0   1   0   0   0   4   0   0   0   0      0      0      0      0      0      0      0      0      0      0      0      0      0      0      0      0      0      0      0      0      0      0      0      0      0      0      0      0      0      0      0      0      0      0      0      0      0      0      0      0      0      0      0      0      0      0 
W2KYM      K    NY   SOL-MIXED     1817     1817     1725     1725    44    42     0     0   5.1   0   0   1   1   0   0   0   0   0   0      0      0      0      0      0      0      0      0      0      0      0      0      0      0      0      0      0      0      0      0      0      0      0      0      0      0      0      0      0      0      0      0      0      0      0      0      0      0      0      0      0      0      0      0      0      0 
KE8PX      K    OH   SOL-MIXED     1541     1541     1541     1541    37    37     0     0   0.0   0   0   0   0   0   0   0   0   0   0      0      0      0      0      0      0      0      0      0      0      0      0      0      0      0      0      0      0      0      0      0      0      0      0      0      0      0      0      0      0      0      0      0      0      0      0      0      0      0      0      0      0      0      0      0      0 
NN2K       K    NY   SOL-MIXED     1633     1633     1474     1474    40    38     0     0   9.7   0   0   1   1   0   2   0   0   0   0      0      0      0      0      0      0      0      0      0      0      0      0      0      0      0      0      0      0      0      0      0      0      0      0      0      0      0      0      0      0      0      0      0      0      0      0      0      0      0      0      0      0      0      0      0      0 
KE4EA      K    SC   SOL-MIXED     1254     1254     1176     1176    33    32     0     0   6.2   0   0   1   0   0   2   0   0   0   0      0      0      0      0      0      0      0      0      0      0      0      0      0      0      0      0      0      0      0      0      0      0      0      0      0      0      0      0      0      0      0      0      0      0      0      0      0      0      0      0      0      0      0      0      0      0 
W4EE       K    FL   SOL-MIXED     1178     1178     1159     1159    36    35     0     0   1.6   0   0   0   1   0   0   0   0   0   0      0      0      0      0      0      0      0      0      0      0      0      0      0      0      0      0      0      0      0      0      0      0      0      0      0      0      0      0      0      0      0      0      0      0      0      0      0      0      0      0      0      0      0      0      0      0 
VE2KLW     VE   QC   SOL-MIXED        0     1092      860      860    41    36     0     0  21.2   1   0   1   4   0   1   3   0   0   0      0      0      0      0      0      0      0      0      0      0      0      0      0      0      0      0      0      0      0      0      0      0      0      0      0      0      0      0      0      0      0      0      0      0      0      0      0      0      0      0      0      0      0      0      0      0 
KC2WUF     K    NJ   SOL-MIXED      799      799      799      799    26    26     0     0   0.0   0   0   0   0   0   1   0   0   0   0      0      0      0      0      0      0      0      0      0      0      0      0      0      0      0      0      0      0      0      0      0      0      0      0      0      0      0      0      0      0      0      0      0      0      0      0      0      0      0      0      0      0      0      0      0      0 
KW4GF      K    VA   SOL-MIXED     1098     1098      736      736    31    23     0     0  33.0   1   0   5   3   0   2   0   0   0   0      0      0      0      0      0      0      0      0      0      0      0      0      0      0      0      0      0      0      0      0      0      0      0      0      0      0      0      0      0      0      0      0      0      0      0      0      0      0      0      0      0      0      0      0      0      0 
VE3JZT     VE   ON   SOL-MIXED      624      624      540      540    24    22     0     0  13.5   0   0   2   0   0   0   0   0   0   0      0      0      0      0      0      0      0      0      0      0      0      0      0      0      0      0      0      0      0      0      0      0      0      0      0      0      0      0      0      0      0      0      0      0      0      0      0      0      0      0      0      0      0      0      0      0 
VA6RCN     VE   AB   SOL-MIXED      495      495      495      495    26    26     0     0   0.0   0   0   0   0   0   0   0   0   0   0      0      0      0      0      0      0      0      0      0      0      0      0      0      0      0      0      0      0      0      0      0      0      0      0      0      0      0      0      0      0      0      0      0      0      0      0      0      0      0      0      0      0      0      0      0      0 
W0ZF       K    MN   SOL-MIXED      476      476      476      476    25    25     0     0   0.0   0   0   0   0   0   1   0   0   0   0      0      0      0      0      0      0      0      0      0      0      0      0      0      0      0      0      0      0      0      0      0      0      0      0      0      0      0      0      0      0      0      0      0      0      0      0      0      0      0      0      0      0      0      0      0      0 
KA8HDE     K    MN   SOL-MIXED      455      455      455      455    20    20     0     0   0.0   0   0   0   0   0   1   0   0   0   0      0      0      0      0      0      0      0      0      0      0      0      0      0      0      0      0      0      0      0      0      0      0      0      0      0      0      0      0      0      0      0      0      0      0      0      0      0      0      0      0      0      0      0      0      0      0 
VE7SCC     VE   BC   SOL-MIXED      468      444      444      444    20    20     0     0   0.0   0   0   0   0   0   0   0   0   0   0      0      0      0      0      0      0      0      0      0      0      0      0      0      0      0      0      0      0      0      0      0      0      0      0      0      0      0      0      0      0      0      0      0      0      0      0      0      0      0      0      0      0      0      0      0      0 
N1XI       K    NC   SOL-MIXED      403      403      403      403    18    18     0     0   0.0   0   0   0   0   0   0   0   0   0   0      0      0      0      0      0      0      0      0      0      0      0      0      0      0      0      0      0      0      0      0      0      0      0      0      0      0      0      0      0      0      0      0      0      0      0      0      0      0      0      0      0      0      0      0      0      0 
AA0O       K    FL   SOL-MIXED      396      341      341      341    17    17     0     0   0.0   0   0   0   0   0   0   0   0   0   0      0      0      0      0      0      0      0      0      0      0      0      0      0      0      0      0      0      0      0      0      0      0      0      0      0      0      0      0      0      0      0      0      0      0      0      0      0      0      0      0      0      0      0      0      0      0 
K9CPO      K    WI   SOL-MIXED      290      290      290      290    16    16     0     0   0.0   0   0   0   0   0   0   7   0   0   0      0      0      0      0      0      0      0      0      0      0      0      0      0      0      0      0      0      0      0      0      0      0      0      0      0      0      0      0      0      0      0      0      0      0      0      0      0      0      0      0      0      0      0      0      0      0 
KC2KWA     K    NC   SOL-MIXED               264      264      264    13    13     0     0   0.0   1   0   0   0   0   0   1   0   0   0      0      0      0      0      0      0      0      0      0      0      0      0      0      0      0      0      0      0      0      0      0      0      0      0      0      0      0      0      0      0      0      0      0      0      0      0      0      0      0      0      0      0      0      0      0      0 
N2OIG      K    NY   SOL-MIXED      224      224      196      196    15    14     0     0  12.5   0   0   1   0   0   0   0   0   0   0      0      0      0      0      0      0      0      0      0      0      0      0      0      0      0      0      0      0      0      0      0      0      0      0      0      0      0      0      0      0      0      0      0      0      0      0      0      0      0      0      0      0      0      0      0      0 
N4QI       K    SC   SOL-MIXED      250      250      160      160    14    11     0     0  36.0   0   0   3   0   0   0   0   0   0   0      0      0      0      0      0      0      0      0      0      0      0      0      0      0      0      0      0      0      0      0      0      0      0      0      0      0      0      0      0      0      0      0      0      0      0      0      0      0      0      0      0      0      0      0      0      0 
K9ELF      K    IN   SOL-MIXED      144      144      144      144    13    13     0     0   0.0   0   0   0   0   0   0   0   0   0   0      0      0      0      0      0      0      0      0      0      0      0      0      0      0      0      0      0      0      0      0      0      0      0      0      0      0      0      0      0      0      0      0      0      0      0      0      0      0      0      0      0      0      0      0      0      0 
K0VBU      K    KS   SOL-MIXED      400      294       99       99    19     9     0     0  66.3   0   0   1  11   0   0  11   0   0   0      0      0      0      0      0      0      0      0      0      0      0      0      0      0      0      0      0      0      0      0      0      0      0      0      0      0      0      0      0      0      0      0      0      0      0      0      0      0      0      0      0      0      0      0      0      0 
KC5LL      K    TX   SOL-MIXED       54       54       54       54     6     6     0     0   0.0   0   0   0   0   0   0   0   0   0   0      0      0      0      0      0      0      0      0      0      0      0      0      0      0      0      0      0      0      0      0      0      0      0      0      0      0      0      0      0      0      0      0      0      0      0      0      0      0      0      0      0      0      0      0      0      0 
K1AJT      K    NC   SOL-MIXED        4        4        4        4     2     2     0     0   0.0   0   0   0   0   0   0   0   0   0   0      0      0      0      0      0      0      0      0      0      0      0      0      0      0      0      0      0      0      0      0      0      0      0      0      0      0      0      0      0      0      0      0      0      0      0      0      0      0      0      0      0      0      0      0      0      0 
K2EAG      K    NY   SOL-CW-P   104664   104328   101758   101758   621   613     0     0   2.5  59   2   6   1   1   3   7   1   0   0      0      0      0      0      0      0      0      0      0      0      0      0      0      0      0      0      0      0      0      0      0      0      0      0      0      0      0      0      0      0      0      0      0      0      0      0      0      0      0      0      0      0      0      0      0      0 
W2GR       K    NY   SOL-CW-P    76500    76500    74760    74760   450   445     0     0   2.3  43   1   1   4   0   0   2   0   0   0      0      0      0      0      0      0      0      0      0      0      0      0      0      0      0      0      0      0      0      0      0      0      0      0      0      0      0      0      0      0      0      0      0      0      0      0      0      0      0      0      0      0      0      0      0      0 
W2ELS      K    NY   SOL-CW-P        0     3420     3190     3190    57    55     0     0   6.7  11   0   0   2   0   0   0   0   0   0      0      0      0      0      0      0      0      0      0      0      0      0      0      0      0      0      0      0      0      0      0      0      0      0      0      0      0      0      0      0      0      0      0      0      0      0      0      0      0      0      0      0      0      0      0      0 
KC2LM      K    NM   SOL-CW-P      336      208      192      192    13    12     0     0   7.7   0   0   0   1   0   0   3   0   0   0      0      0      0      0      0      0      0      0      0      0      0      0      0      0      0      0      0      0      0      0      0      0      0      0      0      0      0      0      0      0      0      0      0      0      0      0      0      0      0      0      0      0      0      0      0      0 
KV2X/M     K    NY   SOL-CW-M    29160    28836    24856    24856   267   239     0     0  13.8   4   2  23   4   1   4   4   1   0   0      0      0      0      0      0      0      0      0      0      0      0      0      0      0      0      0      0      0      0      0      0      0      0      0      0      0      0      0      0      0      0      0      0      0      0      0      0      0      0      0      0      0      0      0      0      0 
WT2X       K    NY   SOL-CW-M        0     5852     5040     5040    77    72     0     0  13.9  15   0   2   3   0   0   1   0   0   0      0      0      0      0      0      0      0      0      0      0      0      0      0      0      0      0      0      0      0      0      0      0      0      0      0      0      0      0      0      0      0      0      0      0      0      0      0      0      0      0      0      0      0      0      0      0 
AD4EB      K    IL   SOL-CW-M     1080     1080      952      952    30    28     0     0  11.9   0   0   1   1   0   0   0   0   0   0      0      0      0      0      0      0      0      0      0      0      0      0      0      0      0      0      0      0      0      0      0      0      0      0      0      0      0      0      0      0      0      0      0      0      0      0      0      0      0      0      0      0      0      0      0      0 
NM2A       K    NY   SOL-CW     144894   144894   143592   143592   779   772     0     0   0.9   7  31   3   4   0   7   8   0   0   0      0      0      0      0      0      0      0      0      0      0      0      0      0      0      0      0      0      0      0      0      0      0      0      0      0      0      0      0      0      0      0      0      0      0      0      0      0      0      0      0      0      0      0      0      0      0 
K2ZR       K    NY   SOL-CW     134106   134106   130456   130456   721   709     0     0   2.7  18   0   7   5   0   0   4   0   0   0      0      0      0      0      0      0      0      0      0      0      0      0      0      0      0      0      0      0      0      0      0      0      0      0      0      0      0      0      0      0      0      0      0      0      0      0      0      0      0      0      0      0      0      0      0      0 
K2QB       K    NY   SOL-CW     128616   128616   124306   124306   699   683     0     0   3.4   6  18  11   5   0   9   8   0   0   0      0      0      0      0      0      0      0      0      0      0      0      0      0      0      0      0      0      0      0      0      0      0      0      0      0      0      0      0      0      0      0      0      0      0      0      0      0      0      0      0      0      0      0      0      0      0 
W2TZ       K    NY   SOL-CW     122220   120506   118014   118014   677   663     0     0   2.1   6   2   6   7   1   1   9   0   0   0      0      0      0      0      0      0      0      0      0      0      0      0      0      0      0      0      0      0      0      0      0      0      0      0      0      0      0      0      0      0      0      0      0      0      0      0      0      0      0      0      0      0      0      0      0      0 
N2GA       K    NY   SOL-CW     102512   101320    97104    97104   596   578     0     0   4.2  17   9  13   5   0   5   7   1   0   0      0      0      0      0      0      0      0      0      0      0      0      0      0      0      0      0      0      0      0      0      0      0      0      0      0      0      0      0      0      0      0      0      0      0      0      0      0      0      0      0      0      0      0      0      0      0 
KC2KY      K    NY   SOL-CW      61272    61272    58320    58320   414   405     0     0   4.8   9   2   1   4   4   0   9   6   0   0      0      0      0      0      0      0      0      0      0      0      0      0      0      0      0      0      0      0      0      0      0      0      0      0      0      0      0      0      0      0      0      0      0      0      0      0      0      0      0      0      0      0      0      0      0      0 
K3GHH/2    K    NY   SOL-CW      44232    43928    43320    43320   289   285     0     0   1.4   0   2   1   3   0  15   1   0   0   0      0      0      0      0      0      0      0      0      0      0      0      0      0      0      0      0      0      0      0      0      0      0      0      0      0      0      0      0      0      0      0      0      0      0      0      0      0      0      0      0      0      0      0      0      0      0 
W2LC       K    NY   SOL-CW      38308    38186    37200    37200   313   310     0     0   2.6   6   1   0   3   0   1   1   0   0   0      0      0      0      0      0      0      0      0      0      0      0      0      0      0      0      0      0      0      0      0      0      0      0      0      0      0      0      0      0      0      0      0      0      0      0      0      0      0      0      0      0      0      0      0      0      0 
NE8P       K    FL   SOL-CW      27972    27972    27540    27540   259   255     0     0   1.5   0   2   0   4   0   2   1   2   0   0      0      0      0      0      0      0      0      0      0      0      0      0      0      0      0      0      0      0      0      0      0      0      0      0      0      0      0      0      0      0      0      0      0      0      0      0      0      0      0      0      0      0      0      0      0      0 
W2DXE      K    NY   SOL-CW               27136    24676    24676   212   199     0     0   9.1   1   4   7   6   0   2   7   0   0   0      0      0      0      0      0      0      0      0      0      0      0      0      0      0      0      0      0      0      0      0      0      0      0      0      0      0      0      0      0      0      0      0      0      0      0      0      0      0      0      0      0      0      0      0      0      0 
K9CW       K    IL   SOL-CW      23940    23940    23826    23826   210   209     0     0   0.5   0   0   0   1   0   2   0   0   0   0      0      0      0      0      0      0      0      0      0      0      0      0      0      0      0      0      0      0      0      0      0      0      0      0      0      0      0      0      0      0      0      0      0      0      0      0      0      0      0      0      0      0      0      0      0      0 
KG9X       K    IL   SOL-CW      20604    20604    20400    20400   202   200     0     0   1.0   0   2   0   0   2   2   0   3   0   0      0      0      0      0      0      0      0      0      0      0      0      0      0      0      0      0      0      0      0      0      0      0      0      0      0      0      0      0      0      0      0      0      0      0      0      0      0      0      0      0      0      0      0      0      0      0 
K5QQ       K    MO   SOL-CW      17184    17088    16896    16896   178   176     0     0   1.1   0   1   0   2   0   5   0   0   0   0      0      0      0      0      0      0      0      0      0      0      0      0      0      0      0      0      0      0      0      0      0      0      0      0      0      0      0      0      0      0      0      0      0      0      0      0      0      0      0      0      0      0      0      0      0      0 
NJ1F       K    NY   SOL-CW      16080    16080    14732    14732   134   127     0     0   8.4   2   0   5   2   0   3   1   0   0   0      0      0      0      0      0      0      0      0      0      0      0      0      0      0      0      0      0      0      0      0      0      0      0      0      0      0      0      0      0      0      0      0      0      0      0      0      0      0      0      0      0      0      0      0      0      0 
VE3AQ      VE   ON   SOL-CW      15364    15364    14580    14580   167   162     0     0   5.1   0   0   0   5   0   0   0   0   0   0      0      0      0      0      0      0      0      0      0      0      0      0      0      0      0      0      0      0      0      0      0      0      0      0      0      0      0      0      0      0      0      0      0      0      0      0      0      0      0      0      0      0      0      0      0      0 
KE2AIZ     K    NY   SOL-CW      14448    14560    14224    14224   130   127     0     0   2.3   1   0   2   1   0   1   2   1   0   0      0      0      0      0      0      0      0      0      0      0      0      0      0      0      0      0      0      0      0      0      0      0      0      0      0      0      0      0      0      0      0      0      0      0      0      0      0      0      0      0      0      0      0      0      0      0 
KD2KW      K    TX   SOL-CW      13984    13984    13680    13680   184   180     0     0   2.2   0   1   0   4   0   2   1   0   0   0      0      0      0      0      0      0      0      0      0      0      0      0      0      0      0      0      0      0      0      0      0      0      0      0      0      0      0      0      0      0      0      0      0      0      0      0      0      0      0      0      0      0      0      0      0      0 
K1RO       K    NH   SOL-CW      12584    12584    12584    12584   143   143     0     0   0.0   0   1   0   0   0   1   0   0   0   0      0      0      0      0      0      0      0      0      0      0      0      0      0      0      0      0      0      0      0      0      0      0      0      0      0      0      0      0      0      0      0      0      0      0      0      0      0      0      0      0      0      0      0      0      0      0 
N3KI       K    DE   SOL-CW      12576    12480    12096    12096   130   126     0     0   3.1   0   1   1   3   0   3   1   0   0   0      0      0      0      0      0      0      0      0      0      0      0      0      0      0      0      0      0      0      0      0      0      0      0      0      0      0      0      0      0      0      0      0      0      0      0      0      0      0      0      0      0      0      0      0      0      0 
W2QL       K    NY   SOL-CW      11480    11480    11152    11152   140   136     0     0   2.9   1   1   2   2   0   0   2   0   0   0      0      0      0      0      0      0      0      0      0      0      0      0      0      0      0      0      0      0      0      0      0      0      0      0      0      0      0      0      0      0      0      0      0      0      0      0      0      0      0      0      0      0      0      0      0      0 
AA2IL      K    CA   SOL-CW               10560    10560    10560   132   132     0     0   0.0   0   0   0   0   0   2   1   0   0   0      0      0      0      0      0      0      0      0      0      0      0      0      0      0      0      0      0      0      0      0      0      0      0      0      0      0      0      0      0      0      0      0      0      0      0      0      0      0      0      0      0      0      0      0      0      0 
N6MU       K    CA   SOL-CW      10000    10000    10000    10000   125   125     0     0   0.0   0   0   0   0   0   0   1   0   0   0      0      0      0      0      0      0      0      0      0      0      0      0      0      0      0      0      0      0      0      0      0      0      0      0      0      0      0      0      0      0      0      0      0      0      0      0      0      0      0      0      0      0      0      0      0      0 
N7IR       K    AZ   SOL-CW       8806     8806     8806     8806   119   119     0     0   0.0   0   0   0   0   0   1   1   0   0   0      0      0      0      0      0      0      0      0      0      0      0      0      0      0      0      0      0      0      0      0      0      0      0      0      0      0      0      0      0      0      0      0      0      0      0      0      0      0      0      0      0      0      0      0      0      0 
K2IZ       K    NY   SOL-CW       9588     9776     8624     8624   104    98     0     0  11.8   3   0   2   4   0   1   2   0   0   0      0      0      0      0      0      0      0      0      0      0      0      0      0      0      0      0      0      0      0      0      0      0      0      0      0      0      0      0      0      0      0      0      0      0      0      0      0      0      0      0      0      0      0      0      0      0 
N8DNA      K    OH   SOL-CW       8610     8528     8446     8446   104   103     0     0   1.0   0   4   1   0   0   1   0   0   0   0      0      0      0      0      0      0      0      0      0      0      0      0      0      0      0      0      0      0      0      0      0      0      0      0      0      0      0      0      0      0      0      0      0      0      0      0      0      0      0      0      0      0      0      0      0      0 
W4YE       K    VA   SOL-CW       8432     8432     7552     7552   124   118     0     0  10.4   4   0   5   1   0   0   0   0   0   0      0      0      0      0      0      0      0      0      0      0      0      0      0      0      0      0      0      0      0      0      0      0      0      0      0      0      0      0      0      0      0      0      0      0      0      0      0      0      0      0      0      0      0      0      0      0 
NW0M       K    MO   SOL-CW       7326     7326     7326     7326   111   111     0     0   0.0   0   0   0   0   0   0   0   0   0   0      0      0      0      0      0      0      0      0      0      0      0      0      0      0      0      0      0      0      0      0      0      0      0      0      0      0      0      0      0      0      0      0      0      0      0      0      0      0      0      0      0      0      0      0      0      0 
N3IW       K    PA   SOL-CW       7098     7098     7098     7098    91    91     0     0   0.0   0   0   0   0   0   2   0   2   0   0      0      0      0      0      0      0      0      0      0      0      0      0      0      0      0      0      0      0      0      0      0      0      0      0      0      0      0      0      0      0      0      0      0      0      0      0      0      0      0      0      0      0      0      0      0      0 
N9NM       K    TX   SOL-CW       6976     6976     6912     6912   109   108     0     0   0.9   0   0   0   1   0   0   0   0   0   0      0      0      0      0      0      0      0      0      0      0      0      0      0      0      0      0      0      0      0      0      0      0      0      0      0      0      0      0      0      0      0      0      0      0      0      0      0      0      0      0      0      0      0      0      0      0 
WW2J       K    NY   SOL-CW       7052     6880     6480     6480    86    81     0     0   5.8   0   1   2   3   0   2   2   0   0   0      0      0      0      0      0      0      0      0      0      0      0      0      0      0      0      0      0      0      0      0      0      0      0      0      0      0      0      0      0      0      0      0      0      0      0      0      0      0      0      0      0      0      0      0      0      0 
K2KT       K    VA   SOL-CW       6460     6460     6392     6392    95    94     0     0   1.1   0   0   0   1   0   0   1   0   0   0      0      0      0      0      0      0      0      0      0      0      0      0      0      0      0      0      0      0      0      0      0      0      0      0      0      0      0      0      0      0      0      0      0      0      0      0      0      0      0      0      0      0      0      0      0      0 
WA9LEY     K    IL   SOL-CW       6072     6072     6072     6072    92    92     0     0   0.0   0   0   0   0   0   0   0   0   0   0      0      0      0      0      0      0      0      0      0      0      0      0      0      0      0      0      0      0      0      0      0      0      0      0      0      0      0      0      0      0      0      0      0      0      0      0      0      0      0      0      0      0      0      0      0      0 
WB2PJH     K    NJ   SOL-CW       6216     6216     5976     5976    84    83     0     0   3.9   0   0   0   1   0   1   0   0   0   0      0      0      0      0      0      0      0      0      0      0      0      0      0      0      0      0      0      0      0      0      0      0      0      0      0      0      0      0      0      0      0      0      0      0      0      0      0      0      0      0      0      0      0      0      0      0 
WB0CJB     K    TN   SOL-CW       6208     5952     5828     5828    96    94     0     0   2.1   0   0   1   1   0   2   0   0   0   0      0      0      0      0      0      0      0      0      0      0      0      0      0      0      0      0      0      0      0      0      0      0      0      0      0      0      0      0      0      0      0      0      0      0      0      0      0      0      0      0      0      0      0      0      0      0 
K4GM       K    VA   SOL-CW       5376     5376     5376     5376    84    84     0     0   0.0   0   0   0   0   0   0   0   0   0   0      0      0      0      0      0      0      0      0      0      0      0      0      0      0      0      0      0      0      0      0      0      0      0      0      0      0      0      0      0      0      0      0      0      0      0      0      0      0      0      0      0      0      0      0      0      0 
K2MN       K    NJ   SOL-CW       5700     5700     5184     5184    75    72     0     0   9.1   0   0   1   2   0   0   1   0   0   0      0      0      0      0      0      0      0      0      0      0      0      0      0      0      0      0      0      0      0      0      0      0      0      0      0      0      0      0      0      0      0      0      0      0      0      0      0      0      0      0      0      0      0      0      0      0 
KE0TT      K    MN   SOL-CW       5146     5146     5084     5084    83    82     0     0   1.2   0   0   1   0   0   0   0   0   0   0      0      0      0      0      0      0      0      0      0      0      0      0      0      0      0      0      0      0      0      0      0      0      0      0      0      0      0      0      0      0      0      0      0      0      0      0      0      0      0      0      0      0      0      0      0      0 
K4KYN      K    TN   SOL-CW       5440     5440     4884     4884    80    74     0     0  10.2   0   1   3   3   0   1   0   0   0   0      0      0      0      0      0      0      0      0      0      0      0      0      0      0      0      0      0      0      0      0      0      0      0      0      0      0      0      0      0      0      0      0      0      0      0      0      0      0      0      0      0      0      0      0      0      0 
KQ3F       K    PA   SOL-CW       4788     4788     4514     4514    63    61     0     0   5.7   0   0   0   2   0   0   0   0   0   0      0      0      0      0      0      0      0      0      0      0      0      0      0      0      0      0      0      0      0      0      0      0      0      0      0      0      0      0      0      0      0      0      0      0      0      0      0      0      0      0      0      0      0      0      0      0 
WB2NVR     K    NY   SOL-CW       4480     4480     4424     4424    80    79     0     0   1.3   0   0   1   0   0   1   0   0   0   0      0      0      0      0      0      0      0      0      0      0      0      0      0      0      0      0      0      0      0      0      0      0      0      0      0      0      0      0      0      0      0      0      0      0      0      0      0      0      0      0      0      0      0      0      0      0 
K0UU       K    MN   SOL-CW       4582     4582     4408     4408    79    76     0     0   3.8   1   2   2   1   0   0   1   0   0   0      0      0      0      0      0      0      0      0      0      0      0      0      0      0      0      0      0      0      0      0      0      0      0      0      0      0      0      0      0      0      0      0      0      0      0      0      0      0      0      0      0      0      0      0      0      0 
NN7A       K    CO   SOL-CW       4320     4320     4200     4200    72    70     0     0   2.8   0   0   1   1   0   0   2   0   0   0      0      0      0      0      0      0      0      0      0      0      0      0      0      0      0      0      0      0      0      0      0      0      0      0      0      0      0      0      0      0      0      0      0      0      0      0      0      0      0      0      0      0      0      0      0      0 
KM8L       K    WV   SOL-CW       4176     4176     4060     4060    72    70     0     0   2.8   0   0   2   0   0   0   0   0   0   0      0      0      0      0      0      0      0      0      0      0      0      0      0      0      0      0      0      0      0      0      0      0      0      0      0      0      0      0      0      0      0      0      0      0      0      0      0      0      0      0      0      0      0      0      0      0 
WA0MHJ     K    MN   SOL-CW       3660     3660     3600     3600    61    60     0     0   1.6   0   2   0   1   0   2   0   0   0   0      0      0      0      0      0      0      0      0      0      0      0      0      0      0      0      0      0      0      0      0      0      0      0      0      0      0      0      0      0      0      0      0      0      0      0      0      0      0      0      0      0      0      0      0      0      0 
WB2WPM     K    NY   SOL-CW       4410     4410     3498     3498    63    53     0     0  20.7   1   1   6   4   0   1   2   0   0   0      0      0      0      0      0      0      0      0      0      0      0      0      0      0      0      0      0      0      0      0      0      0      0      0      0      0      0      0      0      0      0      0      0      0      0      0      0      0      0      0      0      0      0      0      0      0 
K1VUT      K    MA   SOL-CW       3500     3500     3312     3312    70    69     0     0   5.4   0   0   1   0   0   0   0   0   0   0      0      0      0      0      0      0      0      0      0      0      0      0      0      0      0      0      0      0      0      0      0      0      0      0      0      0      0      0      0      0      0      0      0      0      0      0      0      0      0      0      0      0      0      0      0      0 
W4CMG      K    TN   SOL-CW       3024     3024     3024     3024    63    63     0     0   0.0   0   0   0   0   0   0   0   0   0   0      0      0      0      0      0      0      0      0      0      0      0      0      0      0      0      0      0      0      0      0      0      0      0      0      0      0      0      0      0      0      0      0      0      0      0      0      0      0      0      0      0      0      0      0      0      0 
K2RSK      K    NY   SOL-CW       3422     3304     3024     3024    59    56     0     0   8.5   1   2   2   1   0   0   0   0   0   0      0      0      0      0      0      0      0      0      0      0      0      0      0      0      0      0      0      0      0      0      0      0      0      0      0      0      0      0      0      0      0      0      0      0      0      0      0      0      0      0      0      0      0      0      0      0 
K4AMC      K    TN   SOL-CW       2964     2964     2912     2912    57    56     0     0   1.8   0   0   0   1   0   0   1   0   0   0      0      0      0      0      0      0      0      0      0      0      0      0      0      0      0      0      0      0      0      0      0      0      0      0      0      0      0      0      0      0      0      0      0      0      0      0      0      0      0      0      0      0      0      0      0      0 
W2VM       K    NY   SOL-CW       3456     3456     2842     2842    54    49     0     0  17.8   0   0   1   4   0   0   1   0   0   0      0      0      0      0      0      0      0      0      0      0      0      0      0      0      0      0      0      0      0      0      0      0      0      0      0      0      0      0      0      0      0      0      0      0      0      0      0      0      0      0      0      0      0      0      0      0 
WO9B       K    WI   SOL-CW       2750     2750     2750     2750    55    55     0     0   0.0   0   0   0   0   0   0   0   0   0   0      0      0      0      0      0      0      0      0      0      0      0      0      0      0      0      0      0      0      0      0      0      0      0      0      0      0      0      0      0      0      0      0      0      0      0      0      0      0      0      0      0      0      0      0      0      0 
WA8OJR     K    SC   SOL-CW       2726     2726     2726     2726    47    47     0     0   0.0   0   0   0   0   0   1   0   0   0   0      0      0      0      0      0      0      0      0      0      0      0      0      0      0      0      0      0      0      0      0      0      0      0      0      0      0      0      0      0      0      0      0      0      0      0      0      0      0      0      0      0      0      0      0      0      0 
KM4FO      K    KY   SOL-CW       2772     2772     2684     2684    63    61     0     0   3.2   0   0   1   1   0   0   1   0   0   0      0      0      0      0      0      0      0      0      0      0      0      0      0      0      0      0      0      0      0      0      0      0      0      0      0      0      0      0      0      0      0      0      0      0      0      0      0      0      0      0      0      0      0      0      0      0 
K0PC       K    MN   SOL-CW       2576     2576     2576     2576    56    56     0     0   0.0   0   0   0   0   0   0   0   0   0   0      0      0      0      0      0      0      0      0      0      0      0      0      0      0      0      0      0      0      0      0      0      0      0      0      0      0      0      0      0      0      0      0      0      0      0      0      0      0      0      0      0      0      0      0      0      0 
K0WRY      K    KS   SOL-CW       2600     2600     2560     2560    65    64     0     0   1.5   1   0   0   1   0   0   1   0   0   0      0      0      0      0      0      0      0      0      0      0      0      0      0      0      0      0      0      0      0      0      0      0      0      0      0      0      0      0      0      0      0      0      0      0      0      0      0      0      0      0      0      0      0      0      0      0 
W0PI       K    MN   SOL-CW       2592     2592     2544     2544    54    53     0     0   1.9   0   0   1   0   0   0   0   0   0   0      0      0      0      0      0      0      0      0      0      0      0      0      0      0      0      0      0      0      0      0      0      0      0      0      0      0      0      0      0      0      0      0      0      0      0      0      0      0      0      0      0      0      0      0      0      0 
W0UY       K    KS   SOL-CW       2508     2508     2508     2508    57    57     0     0   0.0   0   0   0   0   0   0   0   0   0   0      0      0      0      0      0      0      0      0      0      0      0      0      0      0      0      0      0      0      0      0      0      0      0      0      0      0      0      0      0      0      0      0      0      0      0      0      0      0      0      0      0      0      0      0      0      0 
N4IU       K    PA   SOL-CW       2600     2600     2496     2496    50    48     0     0   4.0   0   2   0   2   0   0   3   0   0   0      0      0      0      0      0      0      0      0      0      0      0      0      0      0      0      0      0      0      0      0      0      0      0      0      0      0      0      0      0      0      0      0      0      0      0      0      0      0      0      0      0      0      0      0      0      0 
K5ME       K    TX   SOL-CW       2508     2508     2464     2464    57    56     0     0   1.8   0   0   1   0   0   2   0   0   0   0      0      0      0      0      0      0      0      0      0      0      0      0      0      0      0      0      0      0      0      0      0      0      0      0      0      0      0      0      0      0      0      0      0      0      0      0      0      0      0      0      0      0      0      0      0      0 
K4GSX      K    GA   SOL-CW                2806     2464     2464    61    56     0     0  12.2   0   0   3   2   0   1   9   0   0   0      0      0      0      0      0      0      0      0      0      0      0      0      0      0      0      0      0      0      0      0      0      0      0      0      0      0      0      0      0      0      0      0      0      0      0      0      0      0      0      0      0      0      0      0      0      0 
WA3INC     K    NY   SOL-CW       2552     2552     2408     2408    44    43     0     0   5.6   0   0   0   1   0   0   2   0   0   0      0      0      0      0      0      0      0      0      0      0      0      0      0      0      0      0      0      0      0      0      0      0      0      0      0      0      0      0      0      0      0      0      0      0      0      0      0      0      0      0      0      0      0      0      0      0 
EA3NO      EA        SOL-CW       2400     2360     2360     2360    59    59     0     0   0.0   0   1   0   0   0   0   0   0   0   0      0      0      0      0      0      0      0      0      0      0      0      0      0      0      0      0      0      0      0      0      0      0      0      0      0      0      0      0      0      0      0      0      0      0      0      0      0      0      0      0      0      0      0      0      0      0 
N4EMP      K    AL   SOL-CW       2376     2376     2332     2332    54    53     0     0   1.9   0   0   0   1   0   2   0   0   0   0      0      0      0      0      0      0      0      0      0      0      0      0      0      0      0      0      0      0      0      0      0      0      0      0      0      0      0      0      0      0      0      0      0      0      0      0      0      0      0      0      0      0      0      0      0      0 
N0AX       K    MO   SOL-CW       2450     2450     2300     2300    49    46     0     0   6.1   0   0   0   3   0   2   0   0   0   0      0      0      0      0      0      0      0      0      0      0      0      0      0      0      0      0      0      0      0      0      0      0      0      0      0      0      0      0      0      0      0      0      0      0      0      0      0      0      0      0      0      0      0      0      0      0 
K4FT       K    SC   SOL-CW       2300     2300     2300     2300    50    50     0     0   0.0   0   0   0   0   0   0   1   0   0   0      0      0      0      0      0      0      0      0      0      0      0      0      0      0      0      0      0      0      0      0      0      0      0      0      0      0      0      0      0      0      0      0      0      0      0      0      0      0      0      0      0      0      0      0      0      0 
N4DPM      K    FL   SOL-CW       2200     2200     2200     2200    50    50     0     0   0.0   0   0   0   0   0   1   0   0   0   0      0      0      0      0      0      0      0      0      0      0      0      0      0      0      0      0      0      0      0      0      0      0      0      0      0      0      0      0      0      0      0      0      0      0      0      0      0      0      0      0      0      0      0      0      0      0 
N0UR       K    MN   SOL-CW       2024     2162     2162     2162    47    47     0     0   0.0   0   0   0   0   0   0   0   0   0   0      0      0      0      0      0      0      0      0      0      0      0      0      0      0      0      0      0      0      0      0      0      0      0      0      0      0      0      0      0      0      0      0      0      0      0      0      0      0      0      0      0      0      0      0      0      0 
K2MK       K    FL   SOL-CW       2116     2116     2116     2116    46    46     0     0   0.0   0   0   0   0   0   0   1   0   0   0      0      0      0      0      0      0      0      0      0      0      0      0      0      0      0      0      0      0      0      0      0      0      0      0      0      0      0      0      0      0      0      0      0      0      0      0      0      0      0      0      0      0      0      0      0      0 
WQ6X       K    CA   SOL-CW       2208     2208     2024     2024    46    44     0     0   8.3   0   0   1   0   1   1   0   0   0   0      0      0      0      0      0      0      0      0      0      0      0      0      0      0      0      0      0      0      0      0      0      0      0      0      0      0      0      0      0      0      0      0      0      0      0      0      0      0      0      0      0      0      0      0      0      0 
K0TC       K    MN   SOL-CW       2160     2160     2024     2024    45    44     0     0   6.3   0   0   1   0   0   0   0   0   0   0      0      0      0      0      0      0      0      0      0      0      0      0      0      0      0      0      0      0      0      0      0      0      0      0      0      0      0      0      0      0      0      0      0      0      0      0      0      0      0      0      0      0      0      0      0      0 
N4IJ       K    NC   SOL-CW       2058     2058     2016     2016    49    48     0     0   2.0   0   0   0   1   0   0   1   0   0   0      0      0      0      0      0      0      0      0      0      0      0      0      0      0      0      0      0      0      0      0      0      0      0      0      0      0      0      0      0      0      0      0      0      0      0      0      0      0      0      0      0      0      0      0      0      0 
W9SN       K    TN   SOL-CW       1960     1960     1960     1960    49    49     0     0   0.0   0   0   0   0   0   0   0   0   0   0      0      0      0      0      0      0      0      0      0      0      0      0      0      0      0      0      0      0      0      0      0      0      0      0      0      0      0      0      0      0      0      0      0      0      0      0      0      0      0      0      0      0      0      0      0      0 
W2QCY      K    NY   SOL-CW       2408     2408     1900     1900    43    38     0     0  21.1   0   0   2   3   0   1   4   0   0   0      0      0      0      0      0      0      0      0      0      0      0      0      0      0      0      0      0      0      0      0      0      0      0      0      0      0      0      0      0      0      0      0      0      0      0      0      0      0      0      0      0      0      0      0      0      0 
K3UA       K    PA   SOL-CW       1564     1886     1886     1886    41    41     0     0   0.0   0   0   0   0   0   0   0   0   0   0      0      0      0      0      0      0      0      0      0      0      0      0      0      0      0      0      0      0      0      0      0      0      0      0      0      0      0      0      0      0      0      0      0      0      0      0      0      0      0      0      0      0      0      0      0      0 
AI6O       K    MO   SOL-CW       1886     1886     1886     1886    41    41     0     0   0.0   0   0   0   0   0   0   3   0   0   0      0      0      0      0      0      0      0      0      0      0      0      0      0      0      0      0      0      0      0      0      0      0      0      0      0      0      0      0      0      0      0      0      0      0      0      0      0      0      0      0      0      0      0      0      0      0 
VA3FN      VE   ON   SOL-CW       2000     2000     1850     1850    40    37     0     0   7.5   0   1   1   2   0   0   0   0   0   0      0      0      0      0      0      0      0      0      0      0      0      0      0      0      0      0      0      0      0      0      0      0      0      0      0      0      0      0      0      0      0      0      0      0      0      0      0      0      0      0      0      0      0      0      0      0 
K4BSK      K    NC   SOL-CW       1786     1786     1786     1786    47    47     0     0   0.0   0   0   0   0   0   0   0   0   0   0      0      0      0      0      0      0      0      0      0      0      0      0      0      0      0      0      0      0      0      0      0      0      0      0      0      0      0      0      0      0      0      0      0      0      0      0      0      0      0      0      0      0      0      0      0      0 
KN0V       K    MN   SOL-CW       1760     1760     1760     1760    40    40     0     0   0.0   0   0   0   0   0   0   0   0   0   0      0      0      0      0      0      0      0      0      0      0      0      0      0      0      0      0      0      0      0      0      0      0      0      0      0      0      0      0      0      0      0      0      0      0      0      0      0      0      0      0      0      0      0      0      0      0 
KF3G       K    PA   SOL-CW       1920     1920     1748     1748    48    46     0     0   9.0   0   0   1   1   0   0   0   0   0   0      0      0      0      0      0      0      0      0      0      0      0      0      0      0      0      0      0      0      0      0      0      0      0      0      0      0      0      0      0      0      0      0      0      0      0      0      0      0      0      0      0      0      0      0      0      0 
W3TB       K    TN   SOL-CW       1848     1848     1722     1722    42    41     0     0   6.8   0   0   0   1   0   0   0   0   0   0      0      0      0      0      0      0      0      0      0      0      0      0      0      0      0      0      0      0      0      0      0      0      0      0      0      0      0      0      0      0      0      0      0      0      0      0      0      0      0      0      0      0      0      0      0      0 
W7GF       K    OR   SOL-CW       1840     1840     1672     1672    40    38     0     0   9.1   0   0   1   1   0   1   0   0   0   0      0      0      0      0      0      0      0      0      0      0      0      0      0      0      0      0      0      0      0      0      0      0      0      0      0      0      0      0      0      0      0      0      0      0      0      0      0      0      0      0      0      0      0      0      0      0 
KD2YMM     K    NY   SOL-CW       1972     1972     1612     1612    34    31     0     0  18.3   0   0   2   1   0   0   0   0   0   0      0      0      0      0      0      0      0      0      0      0      0      0      0      0      0      0      0      0      0      0      0      0      0      0      0      0      0      0      0      0      0      0      0      0      0      0      0      0      0      0      0      0      0      0      0      0 
NF8M       K    MI   SOL-CW       1596     1596     1596     1596    38    38     0     0   0.0   0   0   0   0   0   0   0   0   0   0      0      0      0      0      0      0      0      0      0      0      0      0      0      0      0      0      0      0      0      0      0      0      0      0      0      0      0      0      0      0      0      0      0      0      0      0      0      0      0      0      0      0      0      0      0      0 
N1CEO      K    MA   SOL-CW       1680     1560     1444     1444    39    38     0     0   7.4   0   1   1   0   0   1   0   0   0   0      0      0      0      0      0      0      0      0      0      0      0      0      0      0      0      0      0      0      0      0      0      0      0      0      0      0      0      0      0      0      0      0      0      0      0      0      0      0      0      0      0      0      0      0      0      0 
AA1NK      K    MA   SOL-CW       1672     1672     1394     1394    44    41     0     0  16.6   0   0   2   1   0   0   0   0   0   0      0      0      0      0      0      0      0      0      0      0      0      0      0      0      0      0      0      0      0      0      0      0      0      0      0      0      0      0      0      0      0      0      0      0      0      0      0      0      0      0      0      0      0      0      0      0 
K7EA       K    UT   SOL-CW          0     1440     1380     1380    48    46     0     0   4.2   0   1   0   1   1   0   0   1   0   0      0      0      0      0      0      0      0      0      0      0      0      0      0      0      0      0      0      0      0      0      0      0      0      0      0      0      0      0      0      0      0      0      0      0      0      0      0      0      0      0      0      0      0      0      0      0 
N6CHU/7    K    WA   SOL-CW       1584     1540     1280     1280    35    32     0     0  16.9   0   1   2   1   0   1   0   0   0   0      0      0      0      0      0      0      0      0      0      0      0      0      0      0      0      0      0      0      0      0      0      0      0      0      0      0      0      0      0      0      0      0      0      0      0      0      0      0      0      0      0      0      0      0      0      0 
K2HYD      K    VA   SOL-CW       1200     1200     1170     1170    40    39     0     0   2.5   0   0   1   0   0   1   0   0   0   0      0      0      0      0      0      0      0      0      0      0      0      0      0      0      0      0      0      0      0      0      0      0      0      0      0      0      0      0      0      0      0      0      0      0      0      0      0      0      0      0      0      0      0      0      0      0 
AA0AW      K    MN   SOL-CW       1064     1064     1064     1064    28    28     0     0   0.0   0   0   0   0   0   0   0   0   0   0      0      0      0      0      0      0      0      0      0      0      0      0      0      0      0      0      0      0      0      0      0      0      0      0      0      0      0      0      0      0      0      0      0      0      0      0      0      0      0      0      0      0      0      0      0      0 
WB2FUE     K    PA   SOL-CW                1056     1056     1056    24    24     0     0   0.0   0   0   0   0   0   1   4   0   0   0      0      0      0      0      0      0      0      0      0      0      0      0      0      0      0      0      0      0      0      0      0      0      0      0      0      0      0      0      0      0      0      0      0      0      0      0      0      0      0      0      0      0      0      0      0      0 
KN3A       K    PA   SOL-CW       1120     1120     1026     1026    28    27     0     0   8.4   0   0   1   0   0   0   0   0   0   0      0      0      0      0      0      0      0      0      0      0      0      0      0      0      0      0      0      0      0      0      0      0      0      0      0      0      0      0      0      0      0      0      0      0      0      0      0      0      0      0      0      0      0      0      0      0 
KE2EEQ     K    NY   SOL-CW       1102     1102     1026     1026    29    27     0     0   6.9   0   0   0   2   0   0   1   0   0   0      0      0      0      0      0      0      0      0      0      0      0      0      0      0      0      0      0      0      0      0      0      0      0      0      0      0      0      0      0      0      0      0      0      0      0      0      0      0      0      0      0      0      0      0      0      0 
W0DET      K    CO   SOL-CW        780      780      690      690    26    23     0     0  11.5   1   0   2   1   0   0   2   0   0   0      0      0      0      0      0      0      0      0      0      0      0      0      0      0      0      0      0      0      0      0      0      0      0      0      0      0      0      0      0      0      0      0      0      0      0      0      0      0      0      0      0      0      0      0      0      0 
N6GP       K    CA   SOL-CW        660      660      660      660    22    22     0     0   0.0   0   0   0   0   0   0   0   0   0   0      0      0      0      0      0      0      0      0      0      0      0      0      0      0      0      0      0      0      0      0      0      0      0      0      0      0      0      0      0      0      0      0      0      0      0      0      0      0      0      0      0      0      0      0      0      0 
WA1FMM     K    CO   SOL-CW        750      750      630      630    25    21     0     0  16.0   0   0   2   2   0   1   0   0   0   0      0      0      0      0      0      0      0      0      0      0      0      0      0      0      0      0      0      0      0      0      0      0      0      0      0      0      0      0      0      0      0      0      0      0      0      0      0      0      0      0      0      0      0      0      0      0 
N6YU       K    CA   SOL-CW       1224     1224      624      624    34    24     0     0  49.0   0   0   3   6   1   3   2   0   0   0      0      0      0      0      0      0      0      0      0      0      0      0      0      0      0      0      0      0      0      0      0      0      0      0      0      0      0      0      0      0      0      0      0      0      0      0      0      0      0      0      0      0      0      0      0      0 
K5YX       K    TX   SOL-CW        700      700      624      624    25    24     0     0  10.9   0   0   1   0   0   0   0   0   0   0      0      0      0      0      0      0      0      0      0      0      0      0      0      0      0      0      0      0      0      0      0      0      0      0      0      0      0      0      0      0      0      0      0      0      0      0      0      0      0      0      0      0      0      0      0      0 
N2EIM      K    NJ   SOL-CW        598      598      598      598    23    23     0     0   0.0   0   0   0   0   0   0   0   0   0   0      0      0      0      0      0      0      0      0      0      0      0      0      0      0      0      0      0      0      0      0      0      0      0      0      0      0      0      0      0      0      0      0      0      0      0      0      0      0      0      0      0      0      0      0      0      0 
XE1AY      XE        SOL-CW        440      528      528      528    22    22     0     0   0.0   0   0   0   0   0   3   0   0   0   0      0      0      0      0      0      0      0      0      0      0      0      0      0      0      0      0      0      0      0      0      0      0      0      0      0      0      0      0      0      0      0      0      0      0      0      0      0      0      0      0      0      0      0      0      0      0 
KB4DE      K    SC   SOL-CW        520      520      520      520    20    20     0     0   0.0   0   0   0   0   0   0   0   0   0   0      0      0      0      0      0      0      0      0      0      0      0      0      0      0      0      0      0      0      0      0      0      0      0      0      0      0      0      0      0      0      0      0      0      0      0      0      0      0      0      0      0      0      0      0      0      0 
WD8RYC     K    TN   SOL-CW        512      512      512      512    16    16     0     0   0.0   0   0   0   0   0   1   0   0   0   0      0      0      0      0      0      0      0      0      0      0      0      0      0      0      0      0      0      0      0      0      0      0      0      0      0      0      0      0      0      0      0      0      0      0      0      0      0      0      0      0      0      0      0      0      0      0 
KI6OY      K    CA   SOL-CW        520      520      500      500    26    25     0     0   3.8   0   0   0   1   0   0   0   0   0   0      0      0      0      0      0      0      0      0      0      0      0      0      0      0      0      0      0      0      0      0      0      0      0      0      0      0      0      0      0      0      0      0      0      0      0      0      0      0      0      0      0      0      0      0      0      0 
K2TV       K    VA   SOL-CW        870      870      484      484    29    22     0     0  44.4   0   0   1   6   0   0   7   0   0   0      0      0      0      0      0      0      0      0      0      0      0      0      0      0      0      0      0      0      0      0      0      0      0      0      0      0      0      0      0      0      0      0      0      0      0      0      0      0      0      0      0      0      0      0      0      0 
NY9P       K    NM   SOL-CW        702      600      420      420    25    21     0     0  30.0   0   0   4   0   0   0   0   0   0   0      0      0      0      0      0      0      0      0      0      0      0      0      0      0      0      0      0      0      0      0      0      0      0      0      0      0      0      0      0      0      0      0      0      0      0      0      0      0      0      0      0      0      0      0      0      0 
K6RM       K    NC   SOL-CW        418      418      418      418    19    19     0     0   0.0   0   0   0   0   0   0   0   0   0   0      0      0      0      0      0      0      0      0      0      0      0      0      0      0      0      0      0      0      0      0      0      0      0      0      0      0      0      0      0      0      0      0      0      0      0      0      0      0      0      0      0      0      0      0      0      0 
N2DM       K    NY   SOL-CW        308      308      308      308    14    14     0     0   0.0   0   0   0   0   0   1   0   0   0   0      0      0      0      0      0      0      0      0      0      0      0      0      0      0      0      0      0      0      0      0      0      0      0      0      0      0      0      0      0      0      0      0      0      0      0      0      0      0      0      0      0      0      0      0      0      0 
W8KRZ      K    VA   SOL-CW        300      300      300      300    15    15     0     0   0.0   0   0   0   0   0   1   0   0   0   0      0      0      0      0      0      0      0      0      0      0      0      0      0      0      0      0      0      0      0      0      0      0      0      0      0      0      0      0      0      0      0      0      0      0      0      0      0      0      0      0      0      0      0      0      0      0 
VE2VAB     VE   QC   SOL-CW        264      264      264      264    12    12     0     0   0.0   0   0   0   0   0   0   0   0   0   0      0      0      0      0      0      0      0      0      0      0      0      0      0      0      0      0      0      0      0      0      0      0      0      0      0      0      0      0      0      0      0      0      0      0      0      0      0      0      0      0      0      0      0      0      0      0 
N7SE       K    CO   SOL-CW                 280      260      260    14    13     0     0   7.1   0   0   0   1   0   0   1   0   0   0      0      0      0      0      0      0      0      0      0      0      0      0      0      0      0      0      0      0      0      0      0      0      0      0      0      0      0      0      0      0      0      0      0      0      0      0      0      0      0      0      0      0      0      0      0      0 
W2NC       K    AZ   SOL-CW        252      252      252      252    14    14     0     0   0.0   0   0   0   0   0   0   1   0   0   0      0      0      0      0      0      0      0      0      0      0      0      0      0      0      0      0      0      0      0      0      0      0      0      0      0      0      0      0      0      0      0      0      0      0      0      0      0      0      0      0      0      0      0      0      0      0 
KI4AMD     K    VA   SOL-CW        288      288      242      242    12    11     0     0  16.0   0   0   0   1   0   2   0   0   0   0      0      0      0      0      0      0      0      0      0      0      0      0      0      0      0      0      0      0      0      0      0      0      0      0      0      0      0      0      0      0      0      0      0      0      0      0      0      0      0      0      0      0      0      0      0      0 
K9DU       K    MN   SOL-CW        234      234      234      234    13    13     0     0   0.0   0   0   0   0   0   0   0   0   0   0      0      0      0      0      0      0      0      0      0      0      0      0      0      0      0      0      0      0      0      0      0      0      0      0      0      0      0      0      0      0      0      0      0      0      0      0      0      0      0      0      0      0      0      0      0      0 
K6KQV      K    CA   SOL-CW        280      280      234      234    14    13     0     0  16.4   0   0   1   0   0   0   1   0   0   0      0      0      0      0      0      0      0      0      0      0      0      0      0      0      0      0      0      0      0      0      0      0      0      0      0      0      0      0      0      0      0      0      0      0      0      0      0      0      0      0      0      0      0      0      0      0 
KN4ZXG     K    VA   SOL-CW        260      216      216      216    12    12     0     0   0.0   0   0   0   0   0   0   1   0   0   0      0      0      0      0      0      0      0      0      0      0      0      0      0      0      0      0      0      0      0      0      0      0      0      0      0      0      0      0      0      0      0      0      0      0      0      0      0      0      0      0      0      0      0      0      0      0 
W8BZY      K    OH   SOL-CW                 260      198      198    13    11     0     0  23.8   0   0   2   0   0   0   0   0   0   0      0      0      0      0      0      0      0      0      0      0      0      0      0      0      0      0      0      0      0      0      0      0      0      0      0      0      0      0      0      0      0      0      0      0      0      0      0      0      0      0      0      0      0      0      0      0 
F6EPO      F    NY   SOL-CW        286      286      198      198    13    11     0     0  30.8   0   0   1   1   0   1   1   0   0   0      0      0      0      0      0      0      0      0      0      0      0      0      0      0      0      0      0      0      0      0      0      0      0      0      0      0      0      0      0      0      0      0      0      0      0      0      0      0      0      0      0      0      0      0      0      0 
VE3MDX     VE   ON   SOL-CW                 192      192      192    12    12     0     0   0.0   0   0   0   0   0   1   0   0   0   0      0      0      0      0      0      0      0      0      0      0      0      0      0      0      0      0      0      0      0      0      0      0      0      0      0      0      0      0      0      0      0      0      0      0      0      0      0      0      0      0      0      0      0      0      0      0 
KE4CR      K    VA   SOL-CW        196      196      182      182    14    13     0     0   7.1   0   0   0   1   0   0   0   0   0   0      0      0      0      0      0      0      0      0      0      0      0      0      0      0      0      0      0      0      0      0      0      0      0      0      0      0      0      0      0      0      0      0      0      0      0      0      0      0      0      0      0      0      0      0      0      0 
NX4N       K    FL   SOL-CW        160      160      160      160    10    10     0     0   0.0   0   0   0   0   0   0   0   0   0   0      0      0      0      0      0      0      0      0      0      0      0      0      0      0      0      0      0      0      0      0      0      0      0      0      0      0      0      0      0      0      0      0      0      0      0      0      0      0      0      0      0      0      0      0      0      0 
KE8ZLT     K    OH   SOL-CW        216      216      140      140    12    10     0     0  35.2   0   0   2   0   0   0   0   0   0   0      0      0      0      0      0      0      0      0      0      0      0      0      0      0      0      0      0      0      0      0      0      0      0      0      0      0      0      0      0      0      0      0      0      0      0      0      0      0      0      0      0      0      0      0      0      0 
SP1AEN     SP        SOL-CW         56       56       56       56     7     7     0     0   0.0   0   0   0   0   0   0   0   0   0   0      0      0      0      0      0      0      0      0      0      0      0      0      0      0      0      0      0      0      0      0      0      0      0      0      0      0      0      0      0      0      0      0      0      0      0      0      0      0      0      0      0      0      0      0      0      0 
KN7Y       K    AZ   SOL-CW         40       40       40       40     5     5     0     0   0.0   0   0   0   0   0   0   0   0   0   0      0      0      0      0      0      0      0      0      0      0      0      0      0      0      0      0      0      0      0      0      0      0      0      0      0      0      0      0      0      0      0      0      0      0      0      0      0      0      0      0      0      0      0      0      0      0 
EA5XQ      EA        SOL-CW         18       18       18       18     3     3     0     0   0.0   0   0   0   0   0   1   0   0   0   0      0      0      0      0      0      0      0      0      0      0      0      0      0      0      0      0      0      0      0      0      0      0      0      0      0      0      0      0      0      0      0      0      0      0      0      0      0      0      0      0      0      0      0      0      0      0 
KL7P       KL   AK   SOL-CW          8        8        0        0     2     0     0     0 100.0   0   0   0   2   0   0   2   0   0   0      0      0      0      0      0      0      0      0      0      0      0      0      0      0      0      0      0      0      0      0      0      0      0      0      0      0      0      0      0      0      0      0      0      0      0      0      0      0      0      0      0      0      0      0      0      0 
KB0HP      K    CO   SOL-CW          2        2        0        0     1     0     0     0 100.0   0   0   0   1   0   0   1   0   0   0      0      0      0      0      0      0      0      0      0      0      0      0      0      0      0      0      0      0      0      0      0      0      0      0      0      0      0      0      0      0      0      0      0      0      0      0      0      0      0      0      0      0      0      0      0      0 
KD2EFR     K    NY   SOH-SSB     82709    82812    82297    82297   804   799     0     0   0.6 116   1   2   3   0  10   3   0   0   0      0      0      0      0      0      0      0      0      0      0      0      0      0      0      0      0      0      0      0      0      0      0      0      0      0      0      0      0      0      0      0      0      0      0      0      0      0      0      0      0      0      0      0      0      0      0 
WA2DNI     K    NY   SOH-SSB     74196    73402    71550    71550   686   675     0     0   2.5 128   9   9   2   0   2   2   0   0   0      0      0      0      0      0      0      0      0      0      0      0      0      0      0      0      0      0      0      0      0      0      0      0      0      0      0      0      0      0      0      0      0      0      0      0      0      0      0      0      0      0      0      0      0      0      0 
AB2FN      K    NY   SOH-SSB              20655    20000    20000   255   250     0     0   3.2  11   7   4   1   0   0   2   0   0   0      0      0      0      0      0      0      0      0      0      0      0      0      0      0      0      0      0      0      0      0      0      0      0      0      0      0      0      0      0      0      0      0      0      0      0      0      0      0      0      0      0      0      0      0      0      0 
KE2X       K    NY   SOH-SSB     13135    13135    12530    12530   185   179     0     0   4.6   3   2   2   3   1   3   0   0   0   0      0      0      0      0      0      0      0      0      0      0      0      0      0      0      0      0      0      0      0      0      0      0      0      0      0      0      0      0      0      0      0      0      0      0      0      0      0      0      0      0      0      0      0      0      0      0 
W2REA      K    NY   SOH-SSB     11136    11136    10836    10836   174   172     0     0   2.7   2   0   0   2   0   0   4   0   0   0      0      0      0      0      0      0      0      0      0      0      0      0      0      0      0      0      0      0      0      0      0      0      0      0      0      0      0      0      0      0      0      0      0      0      0      0      0      0      0      0      0      0      0      0      0      0 
KN2M       K    NY   SOH-SSB     10248    10080    10020    10020   168   167     0     0   0.6  14   0   0   1   0   0   0   0   0   0      0      0      0      0      0      0      0      0      0      0      0      0      0      0      0      0      0      0      0      0      0      0      0      0      0      0      0      0      0      0      0      0      0      0      0      0      0      0      0      0      0      0      0      0      0      0 
N2MEE      K    NY   SOH-SSB      9396     9396     9396     9396   162   162     0     0   0.0  18   0   0   0   0   0   0   0   0   0      0      0      0      0      0      0      0      0      0      0      0      0      0      0      0      0      0      0      0      0      0      0      0      0      0      0      0      0      0      0      0      0      0      0      0      0      0      0      0      0      0      0      0      0      0      0 
W3TKB      K    PA   SOH-SSB      5800     5850     5750     5750   117   115     0     0   1.7   0   0   0   2   0   0   0   0   0   0      0      0      0      0      0      0      0      0      0      0      0      0      0      0      0      0      0      0      0      0      0      0      0      0      0      0      0      0      0      0      0      0      0      0      0      0      0      0      0      0      0      0      0      0      0      0 
W2JCT      K    NY   SOH-SSB       103     5096     4800     4800   104   100     0     0   5.8   4   0   1   3   0   2   2   0   0   0      0      0      0      0      0      0      0      0      0      0      0      0      0      0      0      0      0      0      0      0      0      0      0      0      0      0      0      0      0      0      0      0      0      0      0      0      0      0      0      0      0      0      0      0      0      0 
N2PEQ      K    NY   SOH-SSB      4559     4559     4140     4140    97    92     0     0   9.2   3   0   5   0   0   0   0   0   0   0      0      0      0      0      0      0      0      0      0      0      0      0      0      0      0      0      0      0      0      0      0      0      0      0      0      0      0      0      0      0      0      0      0      0      0      0      0      0      0      0      0      0      0      0      0      0 
K3RJS      K    PA   SOH-SSB      3256     3256     3024     3024    88    84     0     0   7.1   1   0   0   3   1   2   2   0   0   0      0      0      0      0      0      0      0      0      0      0      0      0      0      0      0      0      0      0      0      0      0      0      0      0      0      0      0      0      0      0      0      0      0      0      0      0      0      0      0      0      0      0      0      0      0      0 
K2QY       K    NY   SOH-SSB      2542     2542     2400     2400    62    60     0     0   5.6   0   0   0   2   0   2   1   0   0   0      0      0      0      0      0      0      0      0      0      0      0      0      0      0      0      0      0      0      0      0      0      0      0      0      0      0      0      0      0      0      0      0      0      0      0      0      0      0      0      0      0      0      0      0      0      0 
KR3DX      K    PA   SOH-SSB      2135     2135     2135     2135    61    61     0     0   0.0   0   0   0   0   0   0   0   0   0   0      0      0      0      0      0      0      0      0      0      0      0      0      0      0      0      0      0      0      0      0      0      0      0      0      0      0      0      0      0      0      0      0      0      0      0      0      0      0      0      0      0      0      0      0      0      0 
W4TTA      K    TN   SOH-SSB      2325     2325     2130     2130    75    71     0     0   8.4   1   0   1   3   0   1   0   0   0   0      0      0      0      0      0      0      0      0      0      0      0      0      0      0      0      0      0      0      0      0      0      0      0      0      0      0      0      0      0      0      0      0      0      0      0      0      0      0      0      0      0      0      0      0      0      0 
N2NKX      K    NY   SOH-SSB      1683     1683     1683     1683    51    51     0     0   0.0   0   0   0   0   0   1   0   0   0   0      0      0      0      0      0      0      0      0      0      0      0      0      0      0      0      0      0      0      0      0      0      0      0      0      0      0      0      0      0      0      0      0      0      0      0      0      0      0      0      0      0      0      0      0      0      0 
W4WWQ      K    VA   SOH-SSB      1760     1760     1530     1530    55    51     0     0  13.1   0   0   2   2   0   1   3   0   0   0      0      0      0      0      0      0      0      0      0      0      0      0      0      0      0      0      0      0      0      0      0      0      0      0      0      0      0      0      0      0      0      0      0      0      0      0      0      0      0      0      0      0      0      0      0      0 
K4QQG      K    SC   SOH-SSB      1274     1222     1150     1150    47    46     0     0   5.9   0   2   0   1   0   2   0   0   0   0      0      0      0      0      0      0      0      0      0      0      0      0      0      0      0      0      0      0      0      0      0      0      0      0      0      0      0      0      0      0      0      0      0      0      0      0      0      0      0      0      0      0      0      0      0      0 
K8TDF      K    NY   SOH-SSB       399      399      399      399    21    21     0     0   0.0   0   0   0   0   0   0   0   0   0   0      0      0      0      0      0      0      0      0      0      0      0      0      0      0      0      0      0      0      0      0      0      0      0      0      0      0      0      0      0      0      0      0      0      0      0      0      0      0      0      0      0      0      0      0      0      0 
W6AGZ      K    OR   SOH-SSB        80       80       80       80    10    10     0     0   0.0   0   0   0   0   0   0   0   0   0   0      0      0      0      0      0      0      0      0      0      0      0      0      0      0      0      0      0      0      0      0      0      0      0      0      0      0      0      0      0      0      0      0      0      0      0      0      0      0      0      0      0      0      0      0      0      0 
AK0CM      K    CO   SOH-SSB        54       54       54       54     9     9     0     0   0.0   0   0   0   0   0   0   0   0   0   0      0      0      0      0      0      0      0      0      0      0      0      0      0      0      0      0      0      0      0      0      0      0      0      0      0      0      0      0      0      0      0      0      0      0      0      0      0      0      0      0      0      0      0      0      0      0 
VE2GT      VE   QC   SOH-SSB        49       49       49       49     7     7     0     0   0.0   0   0   0   0   0   2   0   0   0   0      0      0      0      0      0      0      0      0      0      0      0      0      0      0      0      0      0      0      0      0      0      0      0      0      0      0      0      0      0      0      0      0      0      0      0      0      0      0      0      0      0      0      0      0      0      0 
KF8I       K    OH   SOH-SSB        49       49       49       49     7     7     0     0   0.0   0   0   0   0   0   0   0   0   0   0      0      0      0      0      0      0      0      0      0      0      0      0      0      0      0      0      0      0      0      0      0      0      0      0      0      0      0      0      0      0      0      0      0      0      0      0      0      0      0      0      0      0      0      0      0      0 
KG2U       K    NY   SOH-SSB                 20       20       20     4     4     0     0   0.0   0   0   0   0   0   0   0   0   0   0      0      0      0      0      0      0      0      0      0      0      0      0      0      0      0      0      0      0      0      0      0      0      0      0      0      0      0      0      0      0      0      0      0      0      0      0      0      0      0      0      0      0      0      0      0      0 
K4MBU      K    VA   SOH-SSB         6        6        6        6     3     3     0     0   0.0   0   0   0   0   0   0   0   0   0   0      0      0      0      0      0      0      0      0      0      0      0      0      0      0      0      0      0      0      0      0      0      0      0      0      0      0      0      0      0      0      0      0      0      0      0      0      0      0      0      0      0      0      0      0      0      0 
N2PP       K    NY   SOH-MIXED   180730   179087   177016   177016  1006   994     0     0   1.2  23   7   3   9   0   5   6   2   0   0      0      0      0      0      0      0      0      0      0      0      0      0      0      0      0      0      0      0      0      0      0      0      0      0      0      0      0      0      0      0      0      0      0      0      0      0      0      0      0      0      0      0      0      0      0      0 
WA2CP      K    NY   SOH-MIXED   175112   175112   171465   171465  1085  1074     0     0   2.1  72   6   2   9   0   1   3   0   0   0      0      0      0      0      0      0      0      0      0      0      0      0      0      0      0      0      0      0      0      0      0      0      0      0      0      0      0      0      0      0      0      0      0      0      0      0      0      0      0      0      0      0      0      0      0      0 
W2TB       K    NY   SOH-MIXED   157488   157488   155346   155346   950   938     0     0   1.4  45   1   5   7   0   1   8   0   0   0      0      0      0      0      0      0      0      0      0      0      0      0      0      0      0      0      0      0      0      0      0      0      0      0      0      0      0      0      0      0      0      0      0      0      0      0      0      0      0      0      0      0      0      0      0      0 
WW2Y       K    NY   SOH-MIXED   153488   154548   152216   152216   904   892     0     0   1.5  33  19   9   3   0  18   4   0   0   0      0      0      0      0      0      0      0      0      0      0      0      0      0      0      0      0      0      0      0      0      0      0      0      0      0      0      0      0      0      0      0      0      0      0      0      0      0      0      0      0      0      0      0      0      0      0 
KO8SCA     K    NY   SOH-MIXED   129791   128790   127200   127200   860   851     0     0   1.2  93  15   4   4   1  12   3   1   0   0      0      0      0      0      0      0      0      0      0      0      0      0      0      0      0      0      0      0      0      0      0      0      0      0      0      0      0      0      0      0      0      0      0      0      0      0      0      0      0      0      0      0      0      0      0      0 
N2RC       K    NY   SOH-MIXED    81576    81576    79605    79605   511   504     0     0   2.4  12   4   3   3   1   1   0   1   0   0      0      0      0      0      0      0      0      0      0      0      0      0      0      0      0      0      0      0      0      0      0      0      0      0      0      0      0      0      0      0      0      0      0      0      0      0      0      0      0      0      0      0      0      0      0      0 
WB2JLR     K    NY   SOH-MIXED    65302    65302    64066    64066   586   578     0     0   1.9  69   1   5   3   0   1   1   0   0   0      0      0      0      0      0      0      0      0      0      0      0      0      0      0      0      0      0      0      0      0      0      0      0      0      0      0      0      0      0      0      0      0      0      0      0      0      0      0      0      0      0      0      0      0      0      0 
OM2VL      OM        SOH-MIXED    40832    40832    40310    40310   382   377     0     0   1.3   0   7   0   5   0   6   0   0   0   0      0      0      0      0      0      0      0      0      0      0      0      0      0      0      0      0      0      0      0      0      0      0      0      0      0      0      0      0      0      0      0      0      0      0      0      0      0      0      0      0      0      0      0      0      0      0 
N2SQW      K    NY   SOH-MIXED    39200    39690    39204    39204   342   337     0     0   1.2  19   0   1   4   0   2   2   0   0   0      0      0      0      0      0      0      0      0      0      0      0      0      0      0      0      0      0      0      0      0      0      0      0      0      0      0      0      0      0      0      0      0      0      0      0      0      0      0      0      0      0      0      0      0      0      0 
WA2JQK     K    NY   SOH-MIXED    41108    41624    38165    38165   392   368     0     0   8.3  17   0  12  11   1   4   4   2   0   0      0      0      0      0      0      0      0      0      0      0      0      0      0      0      0      0      0      0      0      0      0      0      0      0      0      0      0      0      0      0      0      0      0      0      0      0      0      0      0      0      0      0      0      0      0      0 
KM2O       K    NY   SOH-MIXED    32457    32457    31434    31434   285   279     0     0   3.2  15   0   4   2   0   1   2   0   0   0      0      0      0      0      0      0      0      0      0      0      0      0      0      0      0      0      0      0      0      0      0      0      0      0      0      0      0      0      0      0      0      0      0      0      0      0      0      0      0      0      0      0      0      0      0      0 
N5KW       K    OK   SOH-MIXED    26400    26400    25950    25950   300   295     0     0   1.7   0   4   1   4   0   2   0   0   0   0      0      0      0      0      0      0      0      0      0      0      0      0      0      0      0      0      0      0      0      0      0      0      0      0      0      0      0      0      0      0      0      0      0      0      0      0      0      0      0      0      0      0      0      0      0      0 
K5CM       K    OK   SOH-MIXED    26400    26400    25578    25578   300   297     0     0   3.1   0   4   1   2   0   6   2   0   0   0      0      0      0      0      0      0      0      0      0      0      0      0      0      0      0      0      0      0      0      0      0      0      0      0      0      0      0      0      0      0      0      0      0      0      0      0      0      0      0      0      0      0      0      0      0      0 
VE3YT      VE   ON   SOH-MIXED    25636    25520    25056    25056   274   270     0     0   1.8   0   4   1   3   0   2   1   0   0   0      0      0      0      0      0      0      0      0      0      0      0      0      0      0      0      0      0      0      0      0      0      0      0      0      0      0      0      0      0      0      0      0      0      0      0      0      0      0      0      0      0      0      0      0      0      0 
WO4O       K    FL   SOH-MIXED    24360    24360    24192    24192   257   254     0     0   0.7   2   0   1   2   0   1   1   0   0   0      0      0      0      0      0      0      0      0      0      0      0      0      0      0      0      0      0      0      0      0      0      0      0      0      0      0      0      0      0      0      0      0      0      0      0      0      0      0      0      0      0      0      0      0      0      0 
AA3R       K    NJ   SOH-MIXED    30415    29862    24072    24072   336   294     0     0  19.4   1   0   4  36   2   4   6   0   0   0      0      0      0      0      0      0      0      0      0      0      0      0      0      0      0      0      0      0      0      0      0      0      0      0      0      0      0      0      0      0      0      0      0      0      0      0      0      0      0      0      0      0      0      0      0      0 
KY7M       K    AZ   SOH-MIXED    22442    22246    22148    22148   236   235     0     0   0.4   0   2   0   1   0   0   0   0   0   0      0      0      0      0      0      0      0      0      0      0      0      0      0      0      0      0      0      0      0      0      0      0      0      0      0      0      0      0      0      0      0      0      0      0      0      0      0      0      0      0      0      0      0      0      0      0 
W0ZQ       K    MN   SOH-MIXED    20952    20952    20628    20628   217   213     0     0   1.5   1   1   2   2   0   1   0   0   0   0      0      0      0      0      0      0      0      0      0      0      0      0      0      0      0      0      0      0      0      0      0      0      0      0      0      0      0      0      0      0      0      0      0      0      0      0      0      0      0      0      0      0      0      0      0      0 
KW9A       K    IL   SOH-MIXED    16380    16065    15550    15550   172   170     0     0   3.2   0   0   0   2   0   1   0   0   0   0      0      0      0      0      0      0      0      0      0      0      0      0      0      0      0      0      0      0      0      0      0      0      0      0      0      0      0      0      0      0      0      0      0      0      0      0      0      0      0      0      0      0      0      0      0      0 
W1AJT      K    NC   SOH-MIXED    14993    15087    14805    14805   180   177     0     0   1.9   1   0   0   3   0   1   0   0   0   0      0      0      0      0      0      0      0      0      0      0      0      0      0      0      0      0      0      0      0      0      0      0      0      0      0      0      0      0      0      0      0      0      0      0      0      0      0      0      0      0      0      0      0      0      0      0 
K0TRL      K    KS   SOH-MIXED    15369    15087    13846    13846   179   169     0     0   8.2   1   4   5   5   0   1   1   0   0   0      0      0      0      0      0      0      0      0      0      0      0      0      0      0      0      0      0      0      0      0      0      0      0      0      0      0      0      0      0      0      0      0      0      0      0      0      0      0      0      0      0      0      0      0      0      0 
K4BAI      K    GA   SOH-MIXED    12516    12516    12516    12516   161   161     0     0   0.0   0   1   0   0   0   0   0   0   0   0      0      0      0      0      0      0      0      0      0      0      0      0      0      0      0      0      0      0      0      0      0      0      0      0      0      0      0      0      0      0      0      0      0      0      0      0      0      0      0      0      0      0      0      0      0      0 
AD2MM      K    NY   SOH-MIXED    12638    12308    12036    12036   162   159     0     0   2.2  10   0   0   3   0   2   1   0   0   0      0      0      0      0      0      0      0      0      0      0      0      0      0      0      0      0      0      0      0      0      0      0      0      0      0      0      0      0      0      0      0      0      0      0      0      0      0      0      0      0      0      0      0      0      0      0 
K2EP       K    NY   SOH-MIXED    12300    12300    11914    11914   152   149     0     0   3.1   6   0   1   2   0   0   0   0   0   0      0      0      0      0      0      0      0      0      0      0      0      0      0      0      0      0      0      0      0      0      0      0      0      0      0      0      0      0      0      0      0      0      0      0      0      0      0      0      0      0      0      0      0      0      0      0 
W3US       K    FL   SOH-MIXED    11382    11382    11382    11382   142   142     0     0   0.0   0   0   0   0   0   4   0   0   0   0      0      0      0      0      0      0      0      0      0      0      0      0      0      0      0      0      0      0      0      0      0      0      0      0      0      0      0      0      0      0      0      0      0      0      0      0      0      0      0      0      0      0      0      0      0      0 
WA3AFS     K    NY   SOH-MIXED    12152    12152    11220    11220   173   164     0     0   7.7   2   0   7   2   0   3   1   0   0   0      0      0      0      0      0      0      0      0      0      0      0      0      0      0      0      0      0      0      0      0      0      0      0      0      0      0      0      0      0      0      0      0      0      0      0      0      0      0      0      0      0      0      0      0      0      0 
W0ELT      K    WI   SOH-MIXED    11092    11092    11092    11092   136   136     0     0   0.0   0   0   0   0   0   1   0   0   0   0      0      0      0      0      0      0      0      0      0      0      0      0      0      0      0      0      0      0      0      0      0      0      0      0      0      0      0      0      0      0      0      0      0      0      0      0      0      0      0      0      0      0      0      0      0      0 
W0BM       K    MN   SOH-MIXED    11029    11029    10947    10947   153   152     0     0   0.7   1   1   0   1   0   1   0   0   0   0      0      0      0      0      0      0      0      0      0      0      0      0      0      0      0      0      0      0      0      0      0      0      0      0      0      0      0      0      0      0      0      0      0      0      0      0      0      0      0      0      0      0      0      0      0      0 
K1BZ       K    ME   SOH-MIXED    10164    10164     9996     9996   140   137     0     0   1.7   0   0   2   1   0   3   3   0   0   0      0      0      0      0      0      0      0      0      0      0      0      0      0      0      0      0      0      0      0      0      0      0      0      0      0      0      0      0      0      0      0      0      0      0      0      0      0      0      0      0      0      0      0      0      0      0 
W1SSN      K    CT   SOH-MIXED     9600     9600     9250     9250   116   110     0     0   3.6   0   3   4   2   0   0   2   0   0   0      0      0      0      0      0      0      0      0      0      0      0      0      0      0      0      0      0      0      0      0      0      0      0      0      0      0      0      0      0      0      0      0      0      0      0      0      0      0      0      0      0      0      0      0      0      0 
N7EPD      K    WA   SOH-MIXED     6468     6468     6468     6468   113   113     0     0   0.0   0   0   0   0   0   1   0   0   0   0      0      0      0      0      0      0      0      0      0      0      0      0      0      0      0      0      0      0      0      0      0      0      0      0      0      0      0      0      0      0      0      0      0      0      0      0      0      0      0      0      0      0      0      0      0      0 
KE1IH      K    NY   SOH-MIXED     6713     6713     6321     6321   108   103     0     0   5.8   2   0   2   2   1   3   4   3   0   0      0      0      0      0      0      0      0      0      0      0      0      0      0      0      0      0      0      0      0      0      0      0      0      0      0      0      0      0      0      0      0      0      0      0      0      0      0      0      0      0      0      0      0      0      0      0 
AA0FO      K    KS   SOH-MIXED     5845     5845     5705     5705   100    98     0     0   2.4   0   0   0   0   2   2   0   0   0   0      0      0      0      0      0      0      0      0      0      0      0      0      0      0      0      0      0      0      0      0      0      0      0      0      0      0      0      0      0      0      0      0      0      0      0      0      0      0      0      0      0      0      0      0      0      0 
N1JP       K    NY   SOH-MIXED     5250     5250     5082     5082    85    82     0     0   3.2   0   0   1   2   0   0   0   0   0   0      0      0      0      0      0      0      0      0      0      0      0      0      0      0      0      0      0      0      0      0      0      0      0      0      0      0      0      0      0      0      0      0      0      0      0      0      0      0      0      0      0      0      0      0      0      0 
VE3MV      VE   ON   SOH-MIXED     5022     5022     5022     5022    82    82     0     0   0.0   0   0   0   0   0   1   1   0   0   0      0      0      0      0      0      0      0      0      0      0      0      0      0      0      0      0      0      0      0      0      0      0      0      0      0      0      0      0      0      0      0      0      0      0      0      0      0      0      0      0      0      0      0      0      0      0 
KZ3P       K    SC   SOH-MIXED     4278     4352     4352     4352    88    88     0     0   0.0   0   1   0   0   0   2   2   0   0   0      0      0      0      0      0      0      0      0      0      0      0      0      0      0      0      0      0      0      0      0      0      0      0      0      0      0      0      0      0      0      0      0      0      0      0      0      0      0      0      0      0      0      0      0      0      0 
N3KN       K    VA   SOH-MIXED     4154     4154     4154     4154    75    75     0     0   0.0   0   0   0   0   0   0   0   0   0   0      0      0      0      0      0      0      0      0      0      0      0      0      0      0      0      0      0      0      0      0      0      0      0      0      0      0      0      0      0      0      0      0      0      0      0      0      0      0      0      0      0      0      0      0      0      0 
AA4TI      K    FL   SOH-MIXED     4278     4216     4092     4092    74    72     0     0   2.9   1   1   2   0   0   0   0   0   0   0      0      0      0      0      0      0      0      0      0      0      0      0      0      0      0      0      0      0      0      0      0      0      0      0      0      0      0      0      0      0      0      0      0      0      0      0      0      0      0      0      0      0      0      0      0      0 
W0UC       K    MN   SOH-MIXED     3920     3920     3864     3864    80    79     0     0   1.4   0   0   0   1   0   0   2   0   0   0      0      0      0      0      0      0      0      0      0      0      0      0      0      0      0      0      0      0      0      0      0      0      0      0      0      0      0      0      0      0      0      0      0      0      0      0      0      0      0      0      0      0      0      0      0      0 
N2ZZ       K    SC   SOH-MIXED     3750     3750     3690     3690    75    73     0     0   1.6   0   0   1   1   0   2   2   0   0   0      0      0      0      0      0      0      0      0      0      0      0      0      0      0      0      0      0      0      0      0      0      0      0      0      0      0      0      0      0      0      0      0      0      0      0      0      0      0      0      0      0      0      0      0      0      0 
WK2H       K    NY   SOH-MIXED     3648     3828     3520     3520    58    55     0     0   8.0   0   0   1   2   0   2   3   0   0   0      0      0      0      0      0      0      0      0      0      0      0      0      0      0      0      0      0      0      0      0      0      0      0      0      0      0      0      0      0      0      0      0      0      0      0      0      0      0      0      0      0      0      0      0      0      0 
N9MS       K    NC   SOH-MIXED     2886     2886     2625     2625    64    60     0     0   9.0   1   0   2   2   0  11   0   0   0   0      0      0      0      0      0      0      0      0      0      0      0      0      0      0      0      0      0      0      0      0      0      0      0      0      0      0      0      0      0      0      0      0      0      0      0      0      0      0      0      0      0      0      0      0      0      0 
N0AT       K    MN   SOH-MIXED     2310     2310     2310     2310    53    53     0     0   0.0   0   0   0   0   0   0   0   0   0   0      0      0      0      0      0      0      0      0      0      0      0      0      0      0      0      0      0      0      0      0      0      0      0      0      0      0      0      0      0      0      0      0      0      0      0      0      0      0      0      0      0      0      0      0      0      0 
W2NY       K    NY   SOH-MIXED     2772     2772     2280     2280    62    56     0     0  17.7   2   1   2   4   0   0   6   0   0   0      0      0      0      0      0      0      0      0      0      0      0      0      0      0      0      0      0      0      0      0      0      0      0      0      0      0      0      0      0      0      0      0      0      0      0      0      0      0      0      0      0      0      0      0      0      0 
WW5L       K    LA   SOH-MIXED     1575     1575     1500     1500    38    36     0     0   4.8   0   1   0   2   0   1   0   0   0   0      0      0      0      0      0      0      0      0      0      0      0      0      0      0      0      0      0      0      0      0      0      0      0      0      0      0      0      0      0      0      0      0      0      0      0      0      0      0      0      0      0      0      0      0      0      0 
KD5J       K    AR   SOH-MIXED     1520     1520     1480     1480    45    44     0     0   2.6   0   0   1   0   0   0   0   0   0   0      0      0      0      0      0      0      0      0      0      0      0      0      0      0      0      0      0      0      0      0      0      0      0      0      0      0      0      0      0      0      0      0      0      0      0      0      0      0      0      0      0      0      0      0      0      0 
W4VIC      K    VA   SOH-MIXED     1386     1344     1344     1344    34    34     0     0   0.0   1   1   0   0   0   0   1   0   0   0      0      0      0      0      0      0      0      0      0      0      0      0      0      0      0      0      0      0      0      0      0      0      0      0      0      0      0      0      0      0      0      0      0      0      0      0      0      0      0      0      0      0      0      0      0      0 
KC3KRZ     K    PA   SOH-MIXED      325      325      325      325    14    14     0     0   0.0   1   0   0   0   0   0   0   0   0   0      0      0      0      0      0      0      0      0      0      0      0      0      0      0      0      0      0      0      0      0      0      0      0      0      0      0      0      0      0      0      0      0      0      0      0      0      0      0      0      0      0      0      0      0      0      0 
N5OHL      K    OK   SOH-MIXED               119       91       91    11     9     0     0  23.5   0   0   2   0   0   0   0   0   0   0      0      0      0      0      0      0      0      0      0      0      0      0      0      0      0      0      0      0      0      0      0      0      0      0      0      0      0      0      0      0      0      0      0      0      0      0      0      0      0      0      0      0      0      0      0      0 
NG7X       K    AZ   SOH-MIXED       65       65       65       65     8     8     0     0   0.0   0   0   0   0   0   0   0   0   0   0      0      0      0      0      0      0      0      0      0      0      0      0      0      0      0      0      0      0      0      0      0      0      0      0      0      0      0      0      0      0      0      0      0      0      0      0      0      0      0      0      0      0      0      0      0      0 
N7HYV      K    NV   SOH-MIXED       55       55       55       55     7     7     0     0   0.0   0   0   0   0   0   0   0   0   0   0      0      0      0      0      0      0      0      0      0      0      0      0      0      0      0      0      0      0      0      0      0      0      0      0      0      0      0      0      0      0      0      0      0      0      0      0      0      0      0      0      0      0      0      0      0      0 
N2MF       K    NY   SOH-CW     203800   203800   201000   201000  1019  1005     0     0   1.4  90  19   9   5   0   9   8   1   0   0      0      0      0      0      0      0      0      0      0      0      0      0      0      0      0      0      0      0      0      0      0      0      0      0      0      0      0      0      0      0      0      0      0      0      0      0      0      0      0      0      0      0      0      0      0      0 
K2SSS      K    NY   SOH-CW     182516   182516   178500   178500   886   875     0     0   2.2  11  17   5   6   0   9   4   0   0   0      0      0      0      0      0      0      0      0      0      0      0      0      0      0      0      0      0      0      0      0      0      0      0      0      0      0      0      0      0      0      0      0      0      0      0      0      0      0      0      0      0      0      0      0      0      0 
N2ZX       K    NY   SOH-CW     178704   178704   176460   176460   876   865     0     0   1.3  30  24   5   6   0   6   2   2   0   0      0      0      0      0      0      0      0      0      0      0      0      0      0      0      0      0      0      0      0      0      0      0      0      0      0      0      0      0      0      0      0      0      0      0      0      0      0      0      0      0      0      0      0      0      0      0 
K4RUM      K    NY   SOH-CW     172458   172458   171072   171072   871   864     0     0   0.8  20   6   1   6   0   6   6   0   0   0      0      0      0      0      0      0      0      0      0      0      0      0      0      0      0      0      0      0      0      0      0      0      0      0      0      0      0      0      0      0      0      0      0      0      0      0      0      0      0      0      0      0      0      0      0      0 
K2NV       K    NY   SOH-CW     177984   176052   170800   170800   863   854     0     0   3.0  26  13   2   7   0   9   5   2   0   0      0      0      0      0      0      0      0      0      0      0      0      0      0      0      0      0      0      0      0      0      0      0      0      0      0      0      0      0      0      0      0      0      0      0      0      0      0      0      0      0      0      0      0      0      0      0 
KR2AA      K    NY   SOH-CW     133056   131480   130150   130150   692   685     0     0   1.0   0  12   2   3   2   7   9   5   0   0      0      0      0      0      0      0      0      0      0      0      0      0      0      0      0      0      0      0      0      0      0      0      0      0      0      0      0      0      0      0      0      0      0      0      0      0      0      0      0      0      0      0      0      0      0      0 
KM2L       K    NY   SOH-CW      83000    83000    80688    80688   500   492     0     0   2.8  10  12   5   3   0   1   7   0   0   0      0      0      0      0      0      0      0      0      0      0      0      0      0      0      0      0      0      0      0      0      0      0      0      0      0      0      0      0      0      0      0      0      0      0      0      0      0      0      0      0      0      0      0      0      0      0 
KE2SD      K    NY   SOH-CW      59184    58362    57084    57084   411   402     0     0   2.2   8   1   2   6   1   2   6   1   0   0      0      0      0      0      0      0      0      0      0      0      0      0      0      0      0      0      0      0      0      0      0      0      0      0      0      0      0      0      0      0      0      0      0      0      0      0      0      0      0      0      0      0      0      0      0      0 
W5TM       K    OK   SOH-CW      16544    16280    16192    16192   185   184     0     0   0.5   0   6   0   1   0   2   2   0   0   0      0      0      0      0      0      0      0      0      0      0      0      0      0      0      0      0      0      0      0      0      0      0      0      0      0      0      0      0      0      0      0      0      0      0      0      0      0      0      0      0      0      0      0      0      0      0 
N5TJ       K    TX   SOH-CW      15210    15210    15120    15120   169   168     0     0   0.6   0   2   0   1   0   1   0   0   0   0      0      0      0      0      0      0      0      0      0      0      0      0      0      0      0      0      0      0      0      0      0      0      0      0      0      0      0      0      0      0      0      0      0      0      0      0      0      0      0      0      0      0      0      0      0      0 
K9NW       K    IN   SOH-CW      14760    14760    14670    14670   164   163     0     0   0.6   0   1   0   1   0   2   1   0   0   0      0      0      0      0      0      0      0      0      0      0      0      0      0      0      0      0      0      0      0      0      0      0      0      0      0      0      0      0      0      0      0      0      0      0      0      0      0      0      0      0      0      0      0      0      0      0 
W9DC       K    SC   SOH-CW      15402    15300    13800    13800   150   138     0     0   9.8   0   1   4   7   1   2   2   0   0   0      0      0      0      0      0      0      0      0      0      0      0      0      0      0      0      0      0      0      0      0      0      0      0      0      0      0      0      0      0      0      0      0      0      0      0      0      0      0      0      0      0      0      0      0      0      0 
N6DE       K    ME   SOH-CW      13800    13800    13616    13616   150   148     0     0   1.3   0   1   0   2   0   0   3   0   0   0      0      0      0      0      0      0      0      0      0      0      0      0      0      0      0      0      0      0      0      0      0      0      0      0      0      0      0      0      0      0      0      0      0      0      0      0      0      0      0      0      0      0      0      0      0      0 
VE3TM      VE   ON   SOH-CW      12900    12900    12728    12728   150   148     0     0   1.3   0   0   0   2   0   0   0   0   0   0      0      0      0      0      0      0      0      0      0      0      0      0      0      0      0      0      0      0      0      0      0      0      0      0      0      0      0      0      0      0      0      0      0      0      0      0      0      0      0      0      0      0      0      0      0      0 
N3JT       K    VA   SOH-CW       7878     7878     7800     7800   101   100     0     0   1.0   0   0   0   1   0   3   1   0   0   0      0      0      0      0      0      0      0      0      0      0      0      0      0      0      0      0      0      0      0      0      0      0      0      0      0      0      0      0      0      0      0      0      0      0      0      0      0      0      0      0      0      0      0      0      0      0 
N5RZ       K    TX   SOH-CW       6996     6996     6996     6996   106   106     0     0   0.0   0   0   0   0   0   2   0   0   0   0      0      0      0      0      0      0      0      0      0      0      0      0      0      0      0      0      0      0      0      0      0      0      0      0      0      0      0      0      0      0      0      0      0      0      0      0      0      0      0      0      0      0      0      0      0      0 
W1AO       K    ME   SOH-CW       7696     7070     6930     6930   101    99     0     0   2.0   0   1   1   1   0   1   0   0   0   0      0      0      0      0      0      0      0      0      0      0      0      0      0      0      0      0      0      0      0      0      0      0      0      0      0      0      0      0      0      0      0      0      0      0      0      0      0      0      0      0      0      0      0      0      0      0 
K3TN       K    MD   SOH-CW       6992     6992     6840     6840    92    90     0     0   2.2   0   0   0   2   0   0   0   0   0   0      0      0      0      0      0      0      0      0      0      0      0      0      0      0      0      0      0      0      0      0      0      0      0      0      0      0      0      0      0      0      0      0      0      0      0      0      0      0      0      0      0      0      0      0      0      0 
VE7ZO      VE   BC   SOH-CW       6020     6020     6020     6020    86    86     0     0   0.0   0   0   0   0   0   0   1   0   0   0      0      0      0      0      0      0      0      0      0      0      0      0      0      0      0      0      0      0      0      0      0      0      0      0      0      0      0      0      0      0      0      0      0      0      0      0      0      0      0      0      0      0      0      0      0      0 
NE4S       K    GA   SOH-CW       5644     5644     5508     5508    83    81     0     0   2.4   0   0   1   1   0   2   1   0   0   0      0      0      0      0      0      0      0      0      0      0      0      0      0      0      0      0      0      0      0      0      0      0      0      0      0      0      0      0      0      0      0      0      0      0      0      0      0      0      0      0      0      0      0      0      0      0 
N3AM       K    MD   SOH-CW       4480     4416     4352     4352    69    68     0     0   1.4   0   1   0   1   0   0   0   0   0   0      0      0      0      0      0      0      0      0      0      0      0      0      0      0      0      0      0      0      0      0      0      0      0      0      0      0      0      0      0      0      0      0      0      0      0      0      0      0      0      0      0      0      0      0      0      0 
W1QK       K    CT   SOH-CW       4216     4340     4278     4278    70    69     0     0   1.4   0   0   0   1   0   0   0   0   0   0      0      0      0      0      0      0      0      0      0      0      0      0      0      0      0      0      0      0      0      0      0      0      0      0      0      0      0      0      0      0      0      0      0      0      0      0      0      0      0      0      0      0      0      0      0      0 
NG2P       K    NY   SOH-CW       3304     3248     3248     3248    58    58     0     0   0.0   0   1   0   0   0   1   0   0   0   0      0      0      0      0      0      0      0      0      0      0      0      0      0      0      0      0      0      0      0      0      0      0      0      0      0      0      0      0      0      0      0      0      0      0      0      0      0      0      0      0      0      0      0      0      0      0 
K5TIA      K    TX   SOH-CW       3472     3472     3120     3120    62    60     0     0  10.1   1   0   0   2   0   0   0   0   0   0      0      0      0      0      0      0      0      0      0      0      0      0      0      0      0      0      0      0      0      0      0      0      0      0      0      0      0      0      0      0      0      0      0      0      0      0      0      0      0      0      0      0      0      0      0      0 
F8PDR      F         SOH-CW       3080     3080     2808     2808    55    52     0     0   8.8   0   0   1   2   0   0   0   0   0   0      0      0      0      0      0      0      0      0      0      0      0      0      0      0      0      0      0      0      0      0      0      0      0      0      0      0      0      0      0      0      0      0      0      0      0      0      0      0      0      0      0      0      0      0      0      0 
K0HB       K    MN   SOH-CW       2800     2800     2800     2800    50    50     0     0   0.0   0   0   0   0   0   0   0   0   0   0      0      0      0      0      0      0      0      0      0      0      0      0      0      0      0      0      0      0      0      0      0      0      0      0      0      0      0      0      0      0      0      0      0      0      0      0      0      0      0      0      0      0      0      0      0      0 
KW4EE      K    NC   SOH-CW       2652     2652     2652     2652    51    51     0     0   0.0   0   0   0   0   0   2   3   0   0   0      0      0      0      0      0      0      0      0      0      0      0      0      0      0      0      0      0      0      0      0      0      0      0      0      0      0      0      0      0      0      0      0      0      0      0      0      0      0      0      0      0      0      0      0      0      0 
W1TO       K    MA   SOH-CW       1440     1440     1440     1440    30    30     0     0   0.0   0   0   0   0   0   0   0   0   0   0      0      0      0      0      0      0      0      0      0      0      0      0      0      0      0      0      0      0      0      0      0      0      0      0      0      0      0      0      0      0      0      0      0      0      0      0      0      0      0      0      0      0      0      0      0      0 
NS8O       K    OH   SOH-CW       1368     1444     1296     1296    38    36     0     0  10.2   0   0   1   1   0   0   0   0   0   0      0      0      0      0      0      0      0      0      0      0      0      0      0      0      0      0      0      0      0      0      0      0      0      0      0      0      0      0      0      0      0      0      0      0      0      0      0      0      0      0      0      0      0      0      0      0 
KQ4R       K    FL   SOH-CW       1088     1088     1088     1088    32    32     0     0   0.0   0   0   0   0   0   0   0   0   0   0      0      0      0      0      0      0      0      0      0      0      0      0      0      0      0      0      0      0      0      0      0      0      0      0      0      0      0      0      0      0      0      0      0      0      0      0      0      0      0      0      0      0      0      0      0      0 
OH7MA      OH        SOH-CW        900      870      870      870    29    29     0     0   0.0   0   0   0   0   0   0   0   0   0   0      0      0      0      0      0      0      0      0      0      0      0      0      0      0      0      0      0      0      0      0      0      0      0      0      0      0      0      0      0      0      0      0      0      0      0      0      0      0      0      0      0      0      0      0      0      0 
K7QA       K    MT   SOH-CW        768      864      864      864    24    24     0     0   0.0   0   1   0   0   0   1   0   0   0   0      0      0      0      0      0      0      0      0      0      0      0      0      0      0      0      0      0      0      0      0      0      0      0      0      0      0      0      0      0      0      0      0      0      0      0      0      0      0      0      0      0      0      0      0      0      0 
NS4X       K    TN   SOH-CW        850      850      850      850    25    25     0     0   0.0   0   0   0   0   0   0   0   0   0   0      0      0      0      0      0      0      0      0      0      0      0      0      0      0      0      0      0      0      0      0      0      0      0      0      0      0      0      0      0      0      0      0      0      0      0      0      0      0      0      0      0      0      0      0      0      0 
WN6P       K    CA   SOH-CW        812      812      812      812    29    29     0     0   0.0   0   0   0   0   0   0   0   0   0   0      0      0      0      0      0      0      0      0      0      0      0      0      0      0      0      0      0      0      0      0      0      0      0      0      0      0      0      0      0      0      0      0      0      0      0      0      0      0      0      0      0      0      0      0      0      0 
AC6ZM      K    TN   SOH-CW        782      782      782      782    23    23     0     0   0.0   0   0   0   0   0   0   2   0   0   0      0      0      0      0      0      0      0      0      0      0      0      0      0      0      0      0      0      0      0      0      0      0      0      0      0      0      0      0      0      0      0      0      0      0      0      0      0      0      0      0      0      0      0      0      0      0 
AE1T       K    NH   SOH-CW        644      644      644      644    23    23     0     0   0.0   0   0   0   0   0   1   0   0   0   0      0      0      0      0      0      0      0      0      0      0      0      0      0      0      0      0      0      0      0      0      0      0      0      0      0      0      0      0      0      0      0      0      0      0      0      0      0      0      0      0      0      0      0      0      0      0 
WB4HRL     K    SC   SOH-CW        630      630      630      630    21    21     0     0   0.0   0   0   0   0   0   0   0   0   0   0      0      0      0      0      0      0      0      0      0      0      0      0      0      0      0      0      0      0      0      0      0      0      0      0      0      0      0      0      0      0      0      0      0      0      0      0      0      0      0      0      0      0      0      0      0      0 
W6UB       K    TN   SOH-CW        616      644      616      616    23    22     0     0   4.3   0   0   1   0   0   1   0   0   0   0      0      0      0      0      0      0      0      0      0      0      0      0      0      0      0      0      0      0      0      0      0      0      0      0      0      0      0      0      0      0      0      0      0      0      0      0      0      0      0      0      0      0      0      0      0      0 
KY4GS      K    SC   SOH-CW        570      570      570      570    19    19     0     0   0.0   0   0   0   0   0   0   0   0   0   0      0      0      0      0      0      0      0      0      0      0      0      0      0      0      0      0      0      0      0      0      0      0      0      0      0      0      0      0      0      0      0      0      0      0      0      0      0      0      0      0      0      0      0      0      0      0 
K3IE       K    TN   SOH-CW        420      420      420      420    15    15     0     0   0.0   0   0   0   0   0   0   1   0   0   0      0      0      0      0      0      0      0      0      0      0      0      0      0      0      0      0      0      0      0      0      0      0      0      0      0      0      0      0      0      0      0      0      0      0      0      0      0      0      0      0      0      0      0      0      0      0 
K3PA       K    KS   SOH-CW        198      198      198      198    11    11     0     0   0.0   0   0   0   0   0   0   1   0   0   0      0      0      0      0      0      0      0      0      0      0      0      0      0      0      0      0      0      0      0      0      0      0      0      0      0      0      0      0      0      0      0      0      0      0      0      0      0      0      0      0      0      0      0      0      0      0 
K1KI       K    CT   SOH-CW                 160      144      144    10     9     0     0  10.0   0   1   0   1   0   1   1   0   0   0      0      0      0      0      0      0      0      0      0      0      0      0      0      0      0      0      0      0      0      0      0      0      0      0      0      0      0      0      0      0      0      0      0      0      0      0      0      0      0      0      0      0      0      0      0      0 
W4ZGR      K    FL   SOH-CW        154      154      140      140    11    10     0     0   9.1   0   0   0   1   0   0   0   0   0   0      0      0      0      0      0      0      0      0      0      0      0      0      0      0      0      0      0      0      0      0      0      0      0      0      0      0      0      0      0      0      0      0      0      0      0      0      0      0      0      0      0      0      0      0      0      0 
NR0P       K    KS   SOH-CW        128      128      128      128     8     8     0     0   0.0   0   0   0   0   0   0   0   0   0   0      0      0      0      0      0      0      0      0      0      0      0      0      0      0      0      0      0      0      0      0      0      0      0      0      0      0      0      0      0      0      0      0      0      0      0      0      0      0      0      0      0      0      0      0      0      0 
K2G        K    NY   MSL-P        5940    12060    11264    11264   178   172     0     0   6.6   0   0   4   0   2   0   6   2   0   0      0      0      0      0      0      0      0      0      0      0      0      0      0      0      0      0      0      0      0      0      0      0      0      0      0      0      0      0      0      0      0      0      0      0      0      0      0      0      0      0      0      0      0      0      0      0 
K2IRM      K    NY   MSL           171      171      171      171    10    10     0     0   0.0   0   0   0   0   0   0   1   0   0   0      0      0      0      0      0      0      0      0      0      0      0      0      0      0      0      0      0      0      0      0      0      0      0      0      0      0      0      0      0      0      0      0      0      0      0      0      0      0      0      0      0      0      0      0      0      0 
N2T        K    NY   MSH-M      249332   249332   247174   247174  1502  1489     0     0   0.9   5  18   8   5   0  18  22   1   0   0      0      0      0      0      0      0      0      0      0      0      0      0      0      0      0      0      0      0      0      0      0      0      0      0      0      0      0      0      0      0      0      0      0      0      0      0      0      0      0      0      0      0      0      0      0      0 
K2A        K    NY   MSH-M      227916   227916   227448   227448  1461  1458     0     0   0.2   6  24   3   0   0  12  36   1   0   0      0      0      0      0      0      0      0      0      0      0      0      0      0      0      0      0      0      0      0      0      0      0      0      0      0      0      0      0      0      0      0      0      0      0      0      0      0      0      0      0      0      0      0      0      0      0 
K2V        K    NY   MSH-M       84480    84480    82688    82688   660   646     0     0   2.1   3  15   6   5   3   3  21   4   0   0      0      0      0      0      0      0      0      0      0      0      0      0      0      0      0      0      0      0      0      0      0      0      0      0      0      0      0      0      0      0      0      0      0      0      0      0      0      0      0      0      0      0      0      0      0      0 
W2CCC      K    NY   MSH         56693    56070    54810    54810   623   609     0     0   2.2 135   1   3  11   0   2   3   0   0   0      0      0      0      0      0      0      0      0      0      0      0      0      0      0      0      0      0      0      0      0      0      0      0      0      0      0      0      0      0      0      0      0      0      0      0      0      0      0      0      0      0      0      0      0      0      0 
N2Y        K    NY   MML-P               396440   385035   385035  2582  2537     0     0   2.9   0  80  29   4  12  17  25  14   0   0      0      0      0      0      0      0      0      0      0      0      0      0      0      0      0      0      0      0      0      0      0      0      0      0      0      0      0      0      0      0      0      0      0      0      0      0      0      0      0      0      0      0      0      0      0      0 
W2M        K    NY   MML-P      170335   173921   172272   172272  1027  1018     0     0   0.9  25   5   6   3   0   2   9   0   0   0      0      0      0      0      0      0      0      0      0      0      0      0      0      0      0      0      0      0      0      0      0      0      0      0      0      0      0      0      0      0      0      0      0      0      0      0      0      0      0      0      0      0      0      0      0      0 
KX2NY      K    NY   MML        203574   201300   195001   195001  1066  1043     0     0   3.1  17  21  13  10   0  10  11   1   0   0      0      0      0      0      0      0      0      0      0      0      0      0      0      0      0      0      0      0      0      0      0      0      0      0      0      0      0      0      0      0      0      0      0      0      0      0      0      0      0      0      0      0      0      0      0      0 
N2PA       K    NY   MML         91485    91865    87978    87978   622   608     0     0   4.2  22   7  10   4   0   4   8   0   0   0      0      0      0      0      0      0      0      0      0      0      0      0      0      0      0      0      0      0      0      0      0      0      0      0      0      0      0      0      0      0      0      0      0      0      0      0      0      0      0      0      0      0      0      0      0      0 
W2OW       K    NY   MML         86925    86830    82491    82491   576   560     0     0   5.0  45   1  10   6   0   4  38   0   0   0      0      0      0      0      0      0      0      0      0      0      0      0      0      0      0      0      0      0      0      0      0      0      0      0      0      0      0      0      0      0      0      0      0      0      0      0      0      0      0      0      0      0      0      0      0      0 
W2E        K    NY   MML         28386    28303    26080    26080   235   223     0     0   7.9  57   0   6   6   0   3   3   0   0   0      0      0      0      0      0      0      0      0      0      0      0      0      0      0      0      0      0      0      0      0      0      0      0      0      0      0      0      0      0      0      0      0      0      0      0      0      0      0      0      0      0      0      0      0      0      0 
W8HCG      K    OH   MML         24339    23200    22910    22910   247   244     0     0   1.3   0   1   1   2   0   6   1   0   0   0      0      0      0      0      0      0      0      0      0      0      0      0      0      0      0      0      0      0      0      0      0      0      0      0      0      0      0      0      0      0      0      0      0      0      0      0      0      0      0      0      0      0      0      0      0      0 
W2SO       K    NY   MML         17010    20358    18928    18928   252   243     0     0   7.0  17   1   1   8   0   2   6   0   0   0      0      0      0      0      0      0      0      0      0      0      0      0      0      0      0      0      0      0      0      0      0      0      0      0      0      0      0      0      0      0      0      0      0      0      0      0      0      0      0      0      0      0      0      0      0      0 
W2FU       K    NY   MMH        256965   256965   253302   253302  1439  1418     0     0   1.4 152  13  10  11   0   5  11   0   0   0      0      0      0      0      0      0      0      0      0      0      0      0      0      0      0      0      0      0      0      0      0      0      0      0      0      0      0      0      0      0      0      0      0      0      0      0      0      0      0      0      0      0      0      0      0      0 
W1FM       K    MA   MMH         18941    18941    18800    18800   240   238     0     0   0.7   0   0   1   1   0   4   0   0   0   0      0      0      0      0      0      0      0      0      0      0      0      0      0      0      0      0      0      0      0      0      0      0      0      0      0      0      0      0      0      0      0      0      0      0      0      0      0      0      0      0      0      0      0      0      0      0 
KA2MGE     K    NY   CK           1872     1872     1872     1872    39    39     0     0   0.0   0   0   0   0   0   0   0   0   0   0      0      0      0      0      0      0      0      0      0      0      0      0      0      0      0      0      0      0      0      0      0      0      0      0      0      0      0      0      0      0      0      0      0      0      0      0      0      0      0      0      0      0      0      0      0      0 
W2AN       K    NY   CK            525      621      598      598    27    26     0     0   3.7   0   0   1   0   0   1   0   0   0   0      0      0      0      0      0      0      0      0      0      0      0      0      0      0      0      0      0      0      0      0      0      0      0      0      0      0      0      0      0      0      0      0      0      0      0      0      0      0      0      0      0      0      0      0      0      0 
F4EUG      F         CK            190      190      153      153    12    11     0     0  19.5   0   0   0   1   0   1   0   0   0   0      0      0      0      0      0      0      0      0      0      0      0      0      0      0      0      0      0      0      0      0      0      0      0      0      0      0      0      0      0      0      0      0      0      0      0      0      0      0      0      0      0      0      0      0      0      0 
WB8ASI     K    MI   CK              0       48       48       48     8     8     0     0   0.0   0   0   0   0   0   1   0   0   0   0      0      0      0      0      0      0      0      0      0      0      0      0      0      0      0      0      0      0      0      0      0      0      0      0      0      0      0      0      0      0      0      0      0      0      0      0      0      0      0      0      0      0      0      0      0      0 
NV1Y       K    VT   CK             42       42       30       30     7     6     0     0  28.6   1   0   0   1   0   0   2   0   0   0      0      0      0      0      0      0      0      0      0      0      0      0      0      0      0      0      0      0      0      0      0      0      0      0      0      0      0      0      0      0      0      0      0      0      0      0      0      0      0      0      0      0      0      0      0      0 
VA2NW      VE   QC   CK                       2        2        2     1     1     0     0   0.0   0   0   0   0   0   0   0   0   0   0      0      0      0      0      0      0      0      0      0      0      0      0      0      0      0      0      0      0      0      0      0      0      0      0      0      0      0      0      0      0      0      0      0      0      0      0      0      0      0      0      0      0      0      0      0      0 
AB5XM      K    TX   CK              2        2        2        2     1     1     0     0   0.0   0   0   0   0   0   0   0   0   0   0      0      0      0      0      0      0      0      0      0      0      0      0      0      0      0      0      0      0      0      0      0      0      0      0      0      0      0      0      0      0      0      0      0      0      0      0      0      0      0      0      0      0      0      0      0      0 
